first_name,last_name,primary_email
Brandon,Schmittling,brandon@cluster-media.com
Brett,Adelman,brett.e.adelman@gmail.com
Robert,Carlton,robert.j.carlton@gmail.com
Steven,Moore,moore.steven.c@gmail.com
Maya,Batts,maya@girlnetic.com
Robert,Magsipoc,robertmagsipoc@yahoo.com
Alec,Nicewick,alec.nicewick@gmail.com
michael,schalka,schalkam@gmail.com
Mark,Starbuck,starbum@gmail.com
Amanda,Frank,amanda.frank85@gmail.com
Byron,Himberger,perianwyr@gmail.com
Rex,"Rooker II",rex.rooker2@gmail.com
Tim,Matthews,tmatt516@gmail.com
Ryan,Burton,rlburton5@aol.com
Dameian,Prince,dameianprnc@yahoo.com
J'Quan,Scott,neely.jquan@yahoo.com
Joesph,Wood,eternaloblivion55@gmail.com
Humberto,Silvera,silvera1993@aol.com
Natalie,Contreras,natigrace03@gmail.com
Brian,Rivas,brian.jrivas@yahoo.com
Nacim,Bouchtia,bouchacha@gmail.com
Edward,Marshall,poetry1994@gmail.com
Carimar,Vargas,curi1992@gmail.com
Scott,Thompson,tscott8712@gmail.com
jill,bader,jillbader@gmail.com
Hector,castro,h-castro1987@hotmail.com
Will,Quinlan,will.quinlan96@gmail.com
Genuine,Kinsey,genuinekinsey@yahoo.com
Erick,Johnson,informellermitarbeiter@gmail.com
Aaron,Hendricks,hendricks_aaron@hotmail.com
Dylan,Giordano,d.w.giordano@gmail.com
Shawn,Parker,arockkid@yahoo.com
"Victor manuel","Luna robles",kchviko@gmail.com
Lindsey,MacNabb,lindseyamacnabb@gmail.com
Naeem,Mia,naeemmia@aol.com
Damien,Abadia,damien112051@gmail.com
Jeffrey,Corpuz,jxcorpuz@gmail.com
Jacob,Stewart,jackietuttle@gmail.com
Mario,Navarro,marionavarro10@live.com
Donavin,Lewis,jslewis0@yahoo.com
Alex,Lopez,axlopez93@gmail.com
Sam,Dunietz,sjdunietz@gmail.com
Laura,Brown,laura.a.brown87@gmail.com
Ted,Sim,tedysim@gmail.com
armando,amaya,shin001rain@gmail.com
luis,amaya,luisamaya06@yahoo.com
Alesia,Ashley,alesia.ashley@gmail.com
Amadi,Hemphill,amadi.hemphill@gmail.com
Ryan,Hong,rhong98@yahoo.com
Sarah,Saffron,zukoismybf@gmail.com
Ryan,Lavery,rlavery20@gmail.com
Michelle,Spektor,spektor.michelle@gmail.com
Graham,Jenkins,grahamwjenkins@gmail.com
Feng,Chen,fengxchen@yahoo.com
Ivan,Cortes,cortessoccer16@yahoo.com
Nathaniel,Rogers,naterogers24@yahoo.com
Robert,Ramsay,robertwramsay@gmail.com
Jerry,Yen,jerry.yen@gmail.com
Thomas,Schafbuch,tschafbu@gmail.com
Braden,O'Meara,braden.omeara@gmail.com
Rachel,Watford,billiefdot@gmail.com
John,Lynagh,lynagh18@gmail.com
Irma,Aguilar-Delfin,dyctiostelium@gmail.com
James,Giguere,jimgiguere@hotmail.com
David,Hagedorn,dfhagedorn@gmail.com
Jesse,Escobar,je75793@gmail.com
Ernest,Mitchell,nedmitchell@gmail.com
Chelsea,Lundquist-Wentz,clundquistwentz@gmail.com
Jason,Dooley,tachikoma.redux@gmail.com
Olivia,Blackmon,oblackmon@me.com
Diego,Alves,usdi83@gmail.com
Adrian,Mangiuca,adrian1313@gmail.com
Sasha,West,swest430@gmail.com
Christopher,Chern,christopher.chern@gmail.com
Christina,Alcorta,c.alcortahollinsed@gmail.com
Jessica,Strock,jcstrock@gmail.com
Brian,Feathers,unperson@live.com
adsfadf,adfadf,adsfadsf@hotmail.com
Thomas,Hailu,thomashailu@gmail.com
Sulaiman,Almaroof,salmaroof@gmail.com
Leslie,Knight,l.nicole.knight@gmail.com
Brittany,Harvey,bnh2486@gmail.com
Nicholas,Broussard,nickq34@yahoo.com
Michael,Wolfslau,mkewolf@gmail.com
Jeremy,Sexton,jeremy.c.sexton@gmail.com
Daniel,Kumatz,daniel.kumatz@gmail.com
Adam,Kumatz,adamkumatz@gmail.com
Erik,Vasquez,e.vasquez08@gmail.com
TED,BRADY,brady.responds@gmail.com
Collin,Peterson,collin.esk.peterson@gmail.com
Meredith,Rosol,meredith.rosol@gmail.com
Ryan,Au,vapr0d1gy@gmail.com
Stephen,Holt,holt.steveb@gmail.com
Scott,Saggio,sasaggio@gmail.com
Jynika,Craig,j.n.craig08@hotmail.com
Jennifer,Camp,jennifer.m.camp@gmail.com
Brittany,Thompson,brittany.m.t@gmail.com
Job,Amaro,cooljbad@msn.com
Matt,Roberts,mattproberts@hotmail.com
Karin,Underwood,karsunde726@gmail.com
Mark,Hsen,mark.hsen@gmail.com
Angie,Doyle,amdoyle2010@aol.com
Brad,Murray,bradford.murray@gmail.com
Alex,Mueck,ajmueck@gmail.com
Cody,Shaw,shaw.cody@gmail.com
Carter,Brockman,carter.brockman@gmail.com
Yasha,Langer,ylanger2@gmail.com
Eleanor,Fisher,efbookbabe@yahoo.com
Nessa,Sheikhzadeh,v_10101@hotmail.com
Douglas,Bryant,dougjbryant@verizon.com
Nikki,Gooding,cindy.le16@gmail.com
Katie,Dias,diaske@dukes.jmu.edu
Klenn,Harrigan,klennharrigan@hotmail.com
Stephen,Redhead,redheadpg@gmail.com
Chip,Vaughn,megax999@yahoo.com
Maggie,Bonsu,mbonsu56@gmail.com
Ifetayo,Olutosin,iaolutosin@gmail.com
Carlos,Maza,carlosmmaza@gmail.com
ray,k,therayk33@gmai.com
Darius,Morgan,dariusmorgan2009@gmail.com
Devin,McKay,ddm92392@yahoo.com
Jasmine,Heath,jy.heath@yahoo.com
Haley,Gross,haley.gross85@gmail.com
Brittney,Jorgensen,bjorgensen09@gmail.com
Ali,Khan,alihyattkhan@gmail.com
Daniel,Moore,m_daniel90@yahoo.com
Alice,Kim,jukim2@gmail.com
Robert,Huizar,rhuizar@gmail.com
Alec,Bradley,dvorakjester@gmail.com
Drew,Kellock,drewkellock@yahoo.com
Charlene,Deville,cbzdeville@yahoo.com
Bladen,Vickery,signingforms@gmail.com
Robert,Yarbrough,rwyarbro@ncsu.edu
David,Miller,davmillr@outlook.com
Jessica,Hollingshead,jessicanreyes@gmail.com
Anna,Abbey,abbey.anna@gmail.com
Maggie,Reinhold,mrein191@gmail.com
David,Maness,davidmaness2012@gmail.com
maria,li,msli4b@gmail.com
peter,swigert,pswigert@gmail.com
William,Sansevere,willbbc@gmail.com
Lara,Russo,lar5n@virginia.edu
Liam,Wade,lmwade@comcast.net
Andrew,Schriver,acs127@case.edu
Brian,Schwartz,bschwartz@imova.com
Daniel,Won,dannywon@gwu.edu
Subikram,Pandey,theworldunion@gmail.com
Valerie,Smith,valerie.o.smith@gmail.com
Gregory,Jenkins,gregjenkins27@comcast.net
Clifton,Wallace,clifwall@gmail.com
Yin,Lin,ylin224@gmail.com
Jimmy,Cartrette,jimmy.cartrette@gmail.com
Kelvin,Hu,jahlive92@gmail.com
Joann,Coats,gjjcathome@aol.com
Tenaya,Johnson,tenaya.johnson@dc.gov
Edward,Bempong,ebempong@gmail.com
Chase,Damiano,damianowc@gmail.com
Kurt,Bembridge,kurt.bembridge@dc.gov
Izzy,stoner,gaara.vanitysixx@gmail.com
natalie,cervantes,natalieb112282@yahoo.com
William,Ryan,williamdryan@gmail.com
Sheva,Reed,shevareed@gmail.com
Garrett,Werner,ifergott@gmail.com
Maron,Kim,maron.kim@gmail.com
Daniel,Boutwell,dboutwell3@gmail.com
Joe,Kelly,joebot@gmail.com
as,as,someguynamedbob_the1st@hotmail.com
Tiffani,Sykhammountry,aznchem@aim.com
Amy,Sikhammountry,pandarsaurusamy@yahoo.com
Marib,Akanda,maribakanda@gmail.com
Margot,Duchowny,margotduchowny@gmail.com
"Brian T",Thimmesch,btims193@gmail.com
Madison,Geisler,rangerrdangerr@gmail.com
Zach,Smith,nekojesus@gmail.com
Lyndon,Baltazar,lyndon.baltazar21@gmail.com
James,Dieteman,kjatar@gmail.com
Bianca,Grandolfo,bianca.migliaccio@gmail.com
seth,swanson,lcaknights22@yahoo.com
Connor,Shaw,ctshaw@indiana.edu
Angel,Settle,asettle2@gmail.com
Ryan,McGrath,ryan@venodesigns.net
Elizabeth,Malm,elizabethlmalm@gmail.com
Jeff,Menne,jeff.menne@yahoo.com
Kevin,Hom,iaeste.psu.kh@gmail.com
Aaron,Kent,aaron.m.kent@gmail.com
Cecile,Truong,ctruong96@gmail.com
Jonah,Tersol,5hendricksons@comcast.net
Christopher,Jenkins,chrissjenkins24@gmail.com
Claudia,Barragan,terps4all@yahoo.com
Megan,Capiak,m.capiak@gmail.com
Zack,Colman,zcolman@gmail.com
James,Walsh,walshja6@gmail.com
Hannah,Hess,hchess2@gmail.com
Jeff,Torrey,torreyj1@gmail.com
Kate,Jacobson,kate.m.jacobson@gmail.com
Trevor,Bryant,trevorbryant@gmail.com
Jacob,Narva,jacob.narva@gmail.com
Zac,Kerxton,zkerxton@gmail.com
Katie,Toskey,kat.toskey@gmail.com
Alexandra,Standal,alexandra.standal@gmail.com
Stephen,Pepe,pepe@alumni.brown.edu
Patricia,Lafontant,p_lafontant@yahoo.com
Joseph,Filerman,sapros07@gmail.com
April,Cahill,april.cahill@ymail.com
George,Saunders,georgesaunders@gmail.com
Aaron,Oldenburg,aaron.oldenburg@gmail.com
Melissa,Smith,melissa3872@gmail.com
Noah,Kunin,noahkunin@gmail.com
peter,keesey,pkeesey@gmail.com
Graham,Lampa,graham.lampa@gmail.com
brandon,price,brandonjamesp20@gmail.com
Ashley,Carter,acdpu2009@gmail.com
Karina,"van der Plas",kvdp24@mac.com
Denis,Illige-Saucier,denis.writer@gmail.com
Andrew,Tzikas,actzikas@gmail.com
Nora,Xu,noralxu@gmail.com
Aaron,Bost,abost1990@gmail.com
Andrew,Lam,andrewlam38@gmail.com
Brian,Billups,bb3836a@student.american.edu
Sarindee,Wickramasuriya,sarindeew@gmail.com
Chris,Douthat,wdouthat@masonlive.gmu.edu
Hayden,Muller,urbaning20@yahoo.com
Nora,Nezamuddin,n.nezamuddin@gmail.com
Erfahn,Haghighi,e.haghighi69@gmail.com
Anson,Smith,ansonbsmith@gmail.com
Erik,Battle,erikbattle01@gmail.com
Sean,Soby,ssoby@me.com
Stephanie,Scheffler,sjscheffler@gmail.com
Jeff,Wilson,jeff@jeffalwilson.com
Matt,Prorok,matthew.d.prorok@gmail.com
Diego,Chojkier,dchojkier@gmail.com
Angie,Doyle,farfromnormal13@aol.com
John,Body,johnbody@comcast.net
Mastin,Fowler,mastodfow@gmail.com
Wesley,Stepp,wesleyh.stepp@gmail.com
Daniel,Gordon,danielcgordon@gmail.com
Chris,Lewis,chrislewis8843@gmail.com
Wendy,Ho,wjmh5390@gmail.com
Leo,Wackler,leowackler@yahoo.com
George,Zhu,gxzhu91@gmail.com
Dianna,Manalastas,dianna.j.m@gmail.com
Anthony,Dunn,jinx00723@gmail.com
Jessica,Boehner,jessaboehner@gamil.com
Alma,Aliaj,almaaliaj@gmail.com
Mallory,Domingue,mallorydomingue@gmail.com
Aaron,Kirsh,kirsh.aaron@gmail.com
Josh,Burleson,sqwindy1990@gmail.com
Melissa,Mapes,melissa.j.mapes@gmail.com
Seth,Tendler,setendler@gmail.com
Corey,Wise,cowise@gmail.com
Tom,Cooper,tcoop12010@gmail.com
Emerson,Tom,emtom652@gmail.com
Ken,Lee,ken.lee1995@gmail.com
Lucy,Towers,lucytowers@hotmail.co.uk
Ian,Burgess,burgess.ian78@gmail.com
Alberto,Valverde,albertov@gmail.com
Aaron,Seyedian,aaronseyedian@gmail.com
Liliane,Winograd,lilianewin@gmail.com
Erika,Totten,eltotten@gmail.com
Leonard,Thompson,lthompson.me@gmail.com
Marcus,Young,myoung1203@gmail.com
nick,harris,ajotta584@gmail.com
Malik,Lloyd,malik.lloyd@gmail.com
David,Light,lightdm@msn.com
Daniel,Perez,cubandan22@gmail.com
Andrea,O'Neill,scarletsaint@gmail.com
Jose,Rojas,rojas.a.jose@gmail.com
Daphne,Bolotas,dbolotas@gmail.com
Joe,MarcariÃ¸,joemarcario@yahoo.com
Katie,Runnerstrom,k1runner@vt.edu
Gabriel,Fuentes,gffuentes@gmail.com
Yvonne,Simmons,yvonnesimmons27@yahoo.com
Joel,Arnold,joelkarnold@gmail.com
Leila,Shiekhy,iko426@gmail.com
Enti,Mooskin,mooe130@gmail.com
Brent,King,brentsticks12@gmail.com
Adam,Yeaple,a.yeaple@gmail.com
Zane,Homsi,zthomsi@gmail.com
Adam,Howard,ahowar39@montgomerycollege.edu
Jeff,Atkinson,jeff.atkinson7@gmail.com
Teaira,Mashack,tmashack@yahoo.com
Rebecca,Lehrman,rlehrman1@gmail.com
James,Boyd,james.k.boyd@gmail.com
"Marvin Eton",Watson,mwatson1286@hotmail.com
Russell,Kocher,kocherrt@gmail.com
Philip,Schwada,pschwada@yahoo.com
Ali,Shybut,ba19@jhu.edu
Sunil,Ravi,sunilkravi@gmail.com
Roman,weden,bieachbomb@aol.com
Katie,Carmichael,carkamichael@gmail.com
Carlos,Rodriguez,carlosjrodriguez15@yahoo.com
Neal,Landers,nlander3327@gmail.com
Gabriel,Ragsdale,ragsdagb89@gmail.com
Thomas,McCarthy,t_mccarthy1@yahoo.com
Dustin,Lenz,dustin.lenz1@gmail.com
Nic,Rodgers,lotorings@yahoo.com
Kimberly,Hanrahan-Havern,kimberly8@mac.com
Devon,Bolton,devon.bolton@gmail.com
Dirk,Bokeloh,df.bokeloh@gmail.com
Rafi,Bortnick,lives.in.snow@gmail.com
brittany,datin,britt78@me.com
Andrew,Boddorff,aboddorff@gmail.com
Anthony,Hunter,ahunter3b2@gmail.com
Derreon,Jones,derreon437@gmail.com
Timothy,Arnold,timothy.arnold616@gmail.com
Christopher,Phillips,cphillips918@gmail.com
Lauren,Canestrini,lncanestrini@email.wm.edu
April,Hawkins,abo.hawkins@gmail.com
Christine,Evans,bebe2amor@gmail.com
Chris,Mueck,cmueck76@gmail.com
Kenya,Champ,happyhourchamp@gmail.com
Makenna,Wheeler,makenna.a.wheeler@gmail.com
Rachel,Patrick,rlpcuriousexplorer@gmail.com
Vidal,Nunez,nunezvidal@yahoo.com
Joshua,Sanchez,joshua.sanchez.dc@gmail.com
Jonathan,Bell,lily_jonathan_kenny@yahoo.com
Maurice,Williams,mushiikun@gmail.com
Beau,Dixon,playsoccerr@yahoo.com
Carolina,Pena,carolina.penadc@gmail.com
Victor,Salcedo,victor_sc99@hotmail.com
Nicholas,Nader,nickmnader@gmail.com
Ezequiel,Galeano,exekil@gmail.com
Eoghan,Kelly,kelly.eog@husky.neu.edu
Mike,Simasek,simasek.m@gmail.com
Gabe,Segnatelli,gabesegnatelli@gmail.com
Cory,Bigda,cjbigda@gmail.com
John,Mooney,bonsackjohn@gmail.com
Parker,Howard,butterman180@gmail.com
Patrick,Rardin,patrick.rardin@gmail.com
akinola,raymond,akinola.raymond@gmail.com
Teddy,Purdy,theodorepurdy@aol.com
Elliott,Steimer,eslegend@gmail.com
Aaron,Hoffman,aaronhoffman34@gmail.com
AJ,Harris,ajharri94@gmail.com
Sara,Enan,sara90@brandeis.edu
Garrett,Taira,g2stepsahead@gamil.com
Christopher,Mentas,mentas.c@husky.neu.edu
Jake,Lee,swagballermodeson69@gmail.com
hamedah,dhalai,hamedah.dhalai@gmail.com
Ross,MacAndrew,macandrew.r@husky.neu.edu
Danny,Malashock,dmalashock1@gmail.com
Amber,Wilcoxson,amberleann1286@gmail.com
jack,crino,jackcrino@gmail.com
Angelie,Angeles,angelie.angeles@gmail.com
Ethan,Maron,ethan.maron@gmail.com
Joe,Koh,joekoh7@gmail.com
George,Hawkins,king.george55@hotmail.com
Danny,Diaz,diaz_danny@comcast.net
jaymi,padres,jaymi.padres@yahoo.com
Paul,Devine,devine.52osu@gmail.com
Christina,Chauca,bebita5001@aol.com
Ally,Piper,allywally@comcast.net
Matt,Boulton,boultonm@dickinson.edu
Susy,Beltz,susannah.beltz@gmail.com
Pete,Godbey,godbeyp80@hotmail.com
Naomi,Folta,naomi.marika@yahoo.com
Derek,Stevens,boushwa@att.net
Sloan,dolan,salsa757@gmail.com
Dylan,Taira,g2stepsahead@gmail.com
MU,MU,1337495@gmail.com
Dolapo,Demuren,dolapo11ss@yahoo.com
Nick,Robbins,nickrobbins24@gmail.com
Nick,Chin,nick.thompson@tricresthomes.com
Marcus,Mendez,marcusrmendez@hotmail.com
Danny,Marts,dannycmarts@yahoo.com
James,Thomas,james13_1992@yahoo.com
Henry,Liu,henryl1993@hotmail.com
Sadaf,Siddiqui,s_siddiqui37@yahoo.com
Mallorie,Smith,mallorie.e.smith@gmail.com
McKenzie,James,mj1135a@american.edu
Francis,Iriarte,iriartefrancis@hotmail.com
Augusto,Paredes,aparedes0986@gmail.com
Shane,Smith,sps66@georgetown.edu
Carlton,Purvis,c.anderson.purvis@gmail.com
Noah,Correa,walcottalexandra@yahoo.com
Thaovy,Van,thaovy.j.van@gmail.com
Evan,Davis,evanedavis@gmail.com
Aanan,Patel,aanan.patel@outlook.com
Calvin,Nguyen,calvin123@gmail.com
Meg,Dzeng,pandacraze34@gmail.com
Jimmy,Pritts,jrpritts@gmail.com
Devon,Nelson,devon8263@gmail.com
Austin,Short,ashortyr13@hotmail.com
Brian,O'Keefe,bmokeefe@uncg.edu
Tommy,White,tommypwhite@gmail.com
Sam,Ryan,ryansam15@yahoo.com
Dan,Miller,danmillerlists@yahoo.com
Amit,Mehta,mehtamantoday@gmail.com
Liz,Patrone,emp04029@gmail.com
Seth,Tanner,stanner202@gmail.com
Andrea,Castillo,castilloandy13@yahoo.com
Maryam,Saqib,maryamsaqib95@yahoo.com
Nathan,Boisvert,nathanielboisvert@gmail.com
Robert,Libby,rslibby@gmail.com
George,Melo,george.melo1995@gmail.com
Chris,Campbell,chriscampbell9179@live.com
Derrick,Greene,planbsponserme@gmail.com
Loki,Liesmith,bhsudbrink@smcm.edu
Roderick,Bautista,roderick.bautista@gmail.com
Charles,Zhuang,ilvaldi@yahoo.com
Jermaine,Ashman,jermaineashman86@gmail.com
Daivon,Brown,daivon23@gmail.com
Misha,Davies,mishiya@gmail.com
Jenny,Bogdanski,jennybogdanski@gmail.com
Lindsey,Alvis,lalvis01@gmail.com
Lamar,Alayoubi,lamaralayoubi@gmail.com
Aaron,Guffey,eaguffey@smcm.edu
Steve,Goetz,hailtodavictors@gmail.com
Tommy,Li,litommy95@gmail.com
kevin,silva,silvakevin13@yahoo.com
Linda,Wu,linda_33145@hotmail.com
Montri,Nuchnang,montri@thaiice.com
John,Nguyen,long_n_shorts@yahoo.com
Annie,Kozak,anniekozak1@gmail.com
Mark,Tucker,mark_tucker04@hotmail.com
Daniella,Bustillos,daniellabustillos@gmail.com
Steve,Knievel,steven.knievel@gmail.com
Eric,Nguyen,enguyen@breadandbullets.com
Meredith,Hale,meredith.hale@gmail.com
Steve,Bartomioli,sbartom1@gmail.com
Kevin,White,kevinwb.94@gmail.com
Brett,Kerns,bkkerns1@gmail.com
paul,parzynski,blasternot@gmail.com
Janine,Taira,janinetaira@aol.com
Andrew,Goczkowski,andrew.goczkowski@gmail.com
Anouruck,Mathapha,rmathapha@gmail.com
Gregory,Jackson,gjack419@gmail.com
Allen,Hall,allen.hall96@gmail.com
Mustafa,Elrayah,mustafa_elrayah@yahoo.com
Mimi,Lee,leemimi123@gmail.com
Tony,Nguyen,tony.nguyen.81@gmail.com
Elizabeth,Lee,eclee25@gmail.com
Ami,Smerling,asmerling30@gmail.com
Jai,Singletary,j.singletary9@yahoo.com
Eric,Scarlett,ericscarlett14@gmail.com
Frida,Kahlo,12345clap@gmail.com
Lemine,Cheikh,lemine96@gmail.com
Christopher,Feaster,cfeahstster@gmail.com
Geoffrey,Acton,geoffreyacton@gmail.com
Louis,Josey,louis.josey@gmail.com
Greg,Sohma,xthangel_08@yahoo.com
luluh,alrashoudi,lulu_2.91@hotmail.com
Tracy,Johnston,tcampj@aol.com
nouf,alharbi,alharbi.nouf@gmail.com
Dave,Wong,dave.lacrosse@yahoo.com
haboobeker,naimee,haboonaimee@gmail.com
Riley,Vogel,rileyjosephvogel@yahoo.com
Jeremy,Howard,elcam1985@yahoo.com
Tammie,Harrison,tammiepearls@gmail.com
Haziq,Ghani,haziq.ghani@gmail.com
Jorge,Valencia,jorgethebeast@gmail.com
Henry,Perla,h.perla007@gmail.com
Kyle,Miller,kmiller1190@yahoo.com
PETER,AQUINO,peter.aquino2@gmail.com
Aaron,Loughlin,aaronloughlin@gmail.com
Jesus,Lopez,mexicanito14@gmail.com
nouman,arif,nommy.arif@gmail.com
Andrew,Nguyen,annguye1@gmail.com
Anna,Mahalak,ammahalak@gmail.com
Sibhat,Hagos,hagos.sibhat@gmail.com
Miranda,Wylie,dearamsterdam@gmail.com
Zekarius,Demissew,business_man_23@hotmail.com
Karl,Lewis,karllewis41@gmail.com
Jessica,Bulmann,jessicabulmann@gmail.com
Jayna,Johns,johnsj12@mail.wlu.edu
Matthew,Tobin,matt.j.tobin@gmail.com
Rebecca,Stewart,beccasstewart@gmail.com
Daniel22,Jackson,crazed_boy0622@hotmail.com
Jeff,Coppola,heisthefastest@gmail.com
Mycalles,Holt,lilcallex@gmail.com
chip,messick,buddyrockinro@hotmail.com
Robert,Sale,bertsale@gmail.com
Daniel,Sabastian,daniel.sabastian@live.com
Amy,Osterman,kekeaimz@gmail.com
Christopher,Regal,christopher.regal@gmail.com
Qing,Dong,domkkomen@gmail.com
Alejandro,Rodriguez,alex13.1995@hotmail.com
Clara,Tello,marcialuna2013@yahoo.com
Luke,Gardner,lgardner22@gmail.com
Chauncey,Robinson,chauncey.h.robinson@gmail.com
Armando,Amaya,amayafrancisco001@gmail.com
Aubrey,Wahl,aawahl@gmail.com
Evan,Judge,judge.evan@yahoo.com
Diego,Wahl,diegowahl@gmail.com
Michael,Williams,mlkeman62@yahoo.com
Darius,Dawkins,ddawkins202@gmail.com
alex,huff,alexhuff13@yahoo.com
Damany,Gordon,dadondada09@yahoo.com
Ben,Weinstein,bensweinstein@gmail.com
Katie,Gan,gan.katie@gmail.com
Zach,Francis,zachtfrancis@gmail.com
Marvida,Watson,marvidaw@gmail.com
Phillip,Lake,phillip.lake90@gmail.com
Darius,Samsingh,bassdarius@gmail.com
Mohammad,Ahmad,mohammadahmad@outlook.com
michelle,shipp,michellejshipp@gmail.com
shaun,flynn,shaun.flynn2@gmail.com
Steve,Jia,hj320809@ohio.edu
John,Burton,johnmichael.burton@gmail.com
Luis,Hernandez,hernandezluis90@me.com
Evan,Underwood,evanu185@gmail.com
Adam,Norlander,anorland@gmail.com
Erin,McBride,rmcbride7349@gmail.com
Wyatt,SSmith,smithwc2@vcu.edu
Kenneth,Trinh,trinh.kenneth@gmail.com
Antonio,Gibbs,gibbstony35@yahoo.com
Amit,Vij,godfriendlyamit@yahoo.com
Talib,Dicks,jamildicks@gmail.com
Katherine,Henderson,a_kt49@hotmail.com
Andromeda,Huffman,huffman.al@gmail.com
Gabriel,Marty,murasane@hotmail.com
Luis,Martinez,lalito_martinez@hotmail.com
Camron,Lee,camronlee209@gmail.com
Alex,Krizan,ajkrizan@gmail.com
Jose,Barahona,pepito7413@aol.com
Scotty,Matthewman,smatthewman11@yahoo.com
Amy,Damsker,amydamsker@gmail.com
Scotty,Matthewman,smattewman11@yahoo.com
Tina,Trinh,trinhtd@vcu.edu
Jordan,Greene,jg2070a@american.edu
Jon,Achtenhagen,actogon729@gmail.com
Rafael,Galvan,rgalvan88@icloud.com
Monica,Ajinkya,majinkya@gmail.com
jon,tapia,lool@gmail.com
Melodie,DeMulling,frodieo@msn.com
Jessica,Snyder,jsnyder95@me.com
Melissa,Frick,melissa.a.frick@gmail.com
Catherine,Stover,catherinelynee@hotmail.com
Stephanie,Jamison,stephaniebjamison@gmail.com
Paul,Lagoy,plagoy@hotmail.com
marquesse,favors,marquessef@yahoo.com
Erik,Ruselowski,rizzo1581@yahoo.com
Laura,Rodgers,l.h.rodgers2@gmail.com
Mark,Steidler,mark.steidler@gmail.com
James,Marcus,jmarcus@gmail.com
Alexander,Lee,al9330a@student.american.edu
Caroline,Hanson,carolinescott88@gmail.com
Andrew,Cunningham,ascunn@gmail.com
Cathy,Cavander,cathycavander@gmail.com
J.T.,Kohrs,john.kohrs@parr-global.com
Carlos,paz,paz.carlito97@gmail.com
Cosette,Wong,cosette.wong.duke@gmail.com
Amanda,Palmer,apalmerr013@gmail.com
Carolyn,Ho,trinket89@gmail.com
Denton,Baird,matrixclown@gmail.com
Melissa,Fett,melissa.fett@gmail.com
Nicholas,Salerno,nmsalerno@gmail.com
Johnny,Malloy,johnny.buckles.malloy@gmail.com
Jacob,Motz,jwmotz@gmail.com
David,Gaston,dgaston@gmail.com
Lara,Reid,lreid@fhsmail.org
Genevieve,McGahey,genevieve.mcgahey@gmail.com
Candace,Brown,callisonbrown@gmail.com
Rj,Thorne,rjthirne131@yahoo.com
Michael,Klein,rog.marx@gmail.com
Michael,Dudinsky,dudinskym@yahoo.com
Rory,Coffin,hockey.star@cox.net
alex,truong,alex.ryuu@gmail.com
Eiquan,Ghani,eiquan.ghani@gmail.com
Mike,Cuellar,grundish@gmail.com
Kevin,Vermeesch,keesch2525@hotmail.com
Tom,Glazer,tom.glazer@gmail.com
victor,linares,victorlinares21@hotmail.com
Rahima,Schwenkbeck,rahima@gwu.edu
Abe,Langseth,ajlangseth@gmail.com
Camille,Clancy,cmclancy@uvm.edu
Lynnie,Martin,travelernlm@yahoo.com
Marc,Godsted,mgodsted@gmail.com
Kissdomie,Hu,hunnybunny183@gmail.com
Bruna,Distinto,brunacheese@gmail.com
Chuck,Yu,charles.yu4@gmail.com
Matt,Tixier,matthew.tixier@gmail.com
Luke,Natzke,lukenatzke@yahoo.com
Madison,Thammavong,madthamm@yahoo.com
Alex,Morales-Sanz,neighborms@gmail.com
Sasha,Lariiciuc,slariiciuc@yahoo.com
Sheveir,Ross,shev90@yahoo.com
Charlie,Boulton,cboulton34@gmail.com
Paul,Donald,paulx8923@verizon.net
Leslie,Spellen,lspellen@gmail.com
jordan,coneys,jordanconeys@gmail.com
jesse,ghorbani,jesseghorbani@hotmail.com
Tsolmon,Batsukh,tsolmon_8@yahoo.com
jose,Nguyen,jos3.villarrro3l@gmail.com
isaac,cruz,isaaccruz@gmail.com
Grecia,"Balboa Seas",bseasg@gmail.com
Glen,Donovan,glengineer@gmail.com
erica,penttila,penttilatron@gmail.com
Yisol,Yanez,yisoly@yahoo.com
Dane,Penttila,dane.penttila@gmail.com
Anthony,Belotto,anthonyjbelotto@gmail.com
Alec,Gilliam,ajgilliam@cox.net
Heather,West,heatherewest@gmail.com
John,Phillips,johnphillips.687@gmail.com
liz,pratt,liz.pratt.nickisch@gmail.com
Obaid,AlBudoor,3baidoo@gmail.com
Lauren,Medeiros,lmedeiros23@gmail.com
Seth,Green,setgree@gmail.com
Kiger,Sigh,sighkl@gmail.com
Jack,Nguyen,jack.nguyen45@gmail.com
Zachary,Basanese,zach.basanese@gmail.com
Rohan,Makle,rmakle@me.com
Emily,Prigg,vineyardboy@comcast.net
Kevin,Coates,dragon23_3@hotmail.com
Natalia,Restrepo,nati_restrepo@hotmail.com
Danton,Noriega-Goodwin,danton.noriega@gmail.com
John,Pipkins,johnp_385@yahoo.com
Srikanth,Tondukulam,sriknitt@gmail.com
Mario,Arthur-Bentil,m.arthurbentil@gmail.com
Bryan,Trejo-Morales,bryann24@gmail.com
Alexander,Moses,alexandermoses@zoho.com
Rebecca,Matey,rebeccamatey@gmail.com
Russell,Youmans,russell.youmans@gmail.com
Michael,Barnette,barnettemike@hotmail.com
Sammy,Ndiyo,sndiyo@gmail.com
Allan,Friedman,allan.friedman@gmail.com
Khaliun,Amarburen,khaliunamarburen@yahoo.com
Jonathan,Newton,jonathan.e.newton@gmail.com
Amy,Campbell,campbell.amy@hotmail.co.uk
Delia,Sudler,dsudler2010@yahoo.com
Thea,Bender,theabender4@gmail.com
Marcela,Bustillos,marcelabustillos@hotmail.com
Amal,Jones,amal.jones5@yahoo.com
Clarise,McCants,clarise.c.mccants@gmail.com
Jojo,Zhao,jojozhao726@gmail.com
Melissa,Macaya,melimacaya@gmail.com
Brandon,Anderson,bda30@georgetown.edu
Sarah,Barrientos,pgbmg@hotmail.com
David,Lakey,lakeydl@gmail.com
"Adam S.",Chase,adam.s.chase@maine.edu
Cedric,Myers,youngfresh03@yahoo.com
Brandon,Grageda,grageda65@gmail.com
Michael,Epps,suttonkristen22@hotmail.com
mike,truong,truong4100@gmail.com
Ali,Plutnicki,aliplutnicki@gmail.com
Dominik,Colley,dominikcolley2@yahoo.com
HansSilas,Jovine,hanssilasj0@gmail.com
Joshua,Feldman,joshadamfeldman@gmail.com
John,Murray,johnamurray@verizon.net
Ashley,Winkler,ashley.winkler815@yahoo.com
kayla,sutton,kaylasutton25@gmail.com
Jeffrey,Bassett,bassettj98@yahoo.com
Michael,DiLuccio,michael.j.diluccio@gmail.com
Kody,Low,kodylow@hotmail.com
Nicholas,King,aqua_nick2006@yahoo.com
Patrick,Bulger,bulgerpatrick@hotmail.com
Jeremy,Coyle,jcoyleoflv@gmail.com
Carol,Bulger,bulgercarolann@msn.com
Ingrid,Quiroz,inthaisoz@gmail.com
Delmar,Tarrago,delmar.tarrago@gmail.com
Phillip,Gentle,pcgentle@gmail.com
Cristina,Verones,c.verones@bluewin.ch
Javier,Silva,mannisilva@gmail.com
Erica,Cox,ericalcox@live.com
Richard,Mitchell,richard.mitchell15@gmail.com
Skyler,Mackey,skybb8@gmail.com
Caleb,Merriam,jcalebm@gmail.com
Deshira,Wallace,dwallace2208@gmail.com
Zachary,Marx-Kuo,kmmcaz@aol.com
Hassan,Collins,collins.hassan@gmail.com
Jasmine,Harris,jasmineloveskawaiithings@facebook.com
Luigi,Matias,luigi.matias@yahoo.com
Anna,Tsai,anna.tsai23@gmail.com
John,Hale,reaper390@gmail.com
Deborah,Secular,deborahsecular@gmail.com
Nicole,Johnston,nkjohnston9@gmail.com
Zach,Aguayo,chachiz1@hotmail.com
Kelvin,Perez,crazykelvn@gmail.com
Kyle,Ogilvie,kgilvi3@gmail.com
David,Perez,dkaanperez@aol.com
Leah,Koeppel,leah.koeppel@gmail.com
Rabindra,Oli,rabindra.oli@gmail.com
Kevin,Morales,morales.04@live.com
Kyle,Rooney,gotu159@gmail.com
Nicholas,Vu,theguitarnewbie@aol.com
Diego,Zurbaran,diarm07@gmail.com
Kaung,Myat,kaungnmyat@gmail.com
Emre,Brock,emrebrock@gmail.com
Renita,Davis,davi0760@yahoo.com
Alexander,Molster,alex.molster@gmail.com
Alex,Doan,doandog@aacps.org
Becca,Gould,stem13rgould@gaggle.net
Zach,Cote,stem13zcote@gaggle.net
Sienna,Creech,luvs2danceskc@aol.com
Ashley,Sebrowski,stem13asebrowski@gaggle.net
Davis,Strench,stem13dstrench@gaggle.net
Gabe,Segnatelli,stem13gsegnatelli@gaggle.net
Chase,Otely,stem13cotely@gaggle.net
"Mary Ann",Badavi,maryannbadavi@gmail.com
Pierce,Tyrrell,piercetyrrell@verizon.net
Lilly,SmellyPants,lillysmelllypants@google.com
Shawn,Petersen,stem13spetersen@gaggle.net
Nick,Bedessen,stem13nbedessen@gaggle.net
Geoff,Acton,stem13gacton@gaggle.net
Jessica,Snyder,emrebroc@gmail.com
Mara,Bealey,mebealey@gmail.com
David,Zafirovic,david.zafirovic@gmail.com
Jennifer,Meszaros,deperlee@yahoo.com
Micah,Festerly,ucsd_micah@yahoo.com
Courtney,Monahan,courtney.monahan@gmail.com
Phillip,Zaprzalka,pezitaly@yahoo.com
Jessica,Williams,jessicavwilliams@gmail.com
Sarah,Weber,sarahkweber@yahoo.com
Brett,Isaacoff,brett.isaacoff@gmail.com
Leilah,Reese,lsreese125@gmail.com
Andrew,Foss-Grant,fossgrant@gmail.com
Angel,Lopez,aelopez14426@yahoo.com
Brenden,Walsh,brenden.walsh@gmail.com
Vincent,Dagonneau,vincentdagonneau@gmail.com
Bri,Dorgan,bridorgan@gmail.com
Richard,Sheler,richard.sheler@gmail.com
Malcolm,Evans,m.richard.evans36@gmail.com
Reginald,Robinson,rreginald24@yahoo.com
Jean,Qiao,jqiao88@gmail.com
Corey,Thrasybule,coreythras92@yahoo.com
Rachel,Veclotch,rachel.veclotch@gmail.com
Henry,LaGue,henry.lague@gmail.com
Maurice,"Carter Jr.",georgetownmoe@gmail.com
Steven,"Sneed Jr",steven127sneed@gmail.com
Nicholas,Allen,nicholas.allen192@gmail.com
Jerome,Chappelle,j_chappelleiii@yahoo.com
Pranay,Adsule,pranay2die4@gmail.com
David,Gupta,0david.gupta0@gmail.com
George,Morgan,georgemorgan66@gmail.com
Deric,Ortiz,dericoortiz@yahoo.com
danny,robinson,division1dreams@yahoo.com
Alyssa,Gill,amgill11@aol.com
Jeff,Kruszewski,jkruszew@yahoo.com
Stacey,Moore,mercedes.moore15@gmail.com
Robert,Hagerty,earost@smcm.edu
Bryce,Banks,bryce.banks13@gmail.com
Will,Dent,william.dent14@gmail.com
Omaima,Ayachi,omaima.ayachi@yahoo.com
Pierce,Drury,hpdrury@gmail.com
Shelby,Parish,shelby.parish@gmail.com
kt,sagona,ktsagona@gail.com
Luke,Kohli,surfski83@aol.com
Jeffery,Leon,jl3001@gmail.com
Patrick,Everson,patrick.everson@gmail.com
Efe,Brock,efebrock@gmail.com
Joe,Davila,josephdavila32@yahoo.com
Alex,Wong,alexwong711@aol.com
Sonia,Podloch,soniapodloch@gmail.com
Adam,Brown,adam.brown.7942@gmail.com
Leonet,Reid,leonetreid@gmail.com
Petra,Nichols,petra.nichols.12@gmail.com
Emily,Kuntz,emilykuntz89@gmail.com
Meghan,Flesch,meflesch@gmail.com
Matt,Steele,matthewasteele@gmail.com
Kenneth,Sabalo,kennethsabalo@gmail.com
Hiren,Nisar,hirenius@gmail.com
Meghan,Flesch,mflesch@masonlive.gmu.edu
Jamie,Kuntz,jamiekuntz09@gmail.com
Roger,Tellez,rtellez21@yahoo.com
Kathryn,Walker,kathrynw86@gmail.com
alba,maydeu,alba_96_m@hotmail.com
Caleb,Russell,russellc14@mail.wlu.edu
Gerald,Gordon,geraldgordonjr@gmail.com
Charles,DeBeck,charlesdebeck@gmail.com
Brilan,Houser,brilan57@yahoo.com
Juan,Garcia,juan_tello95@yahoo.com
Sydney,Vernon,syd.e.vernon@gmail.com
DeMarco,Phillips,uptwn59@gmail.com
Claire,Detrick-Jules,claire.detrickjules@gmail.com
Joydeep,Chatterjee,chatterjee.prime@gmail.com
Jason,Luna,jason.luna27@gmail.com
Jonathan,Perez,runfast94@hotmail.com
amy,morse,amorsenh@gmail.com
Chatman,Young,ckyoungii@yahoo.com
Simone,Weiss,simone.f.weiss@gmail.com
Steve,Terleski,tstephe@gmail.com
Sasha,Rickard,sasha.rickard@gmail.com
Nerissa,Taylor,nerissa.taylo@gmail.com
Michele,Lanpher,michele.lanpher@gmail.com
Magdalena,Dutra,layerra@gmail.com
Amber,Sarmiento,amburr_x@yahoo.com
chris,farris,jakedog100@yahoo.com
Mike,Nguyen,ra246889@yahoo.com
Jane,Kruszewski,jmkrusz@gmail.com
Andrea,Lowe,joy.peace124@gmail.com
Sarah,Danik,sarahdanik11@gmail.com
Naaman,Bakhshi,1.23nv25@gmail.com
Bobak,Shafiei,bshafiei@gmail.com
Merrick,Clark,raccer@gmail.com
Andrew,Lapin,alapin730@gmail.com
Alia,Webb,saeset21@gmail.com
Rodney,Leggett,rodneyjleggett@gmail.com
Sam,Ahrens,samahrens@verizon.net
Joe,Zerafa,joseph.p.zerafa@gmail.com
Kaila,McCarthy,kailamccarthy@gmail.com
Christopher,Lydon,christopheralydon@gmail.com
Danel,Trisi,daneltrisi@gmail.com
Jon,"de Bearn",jcdeb@hotmail.com
chris,guffey,imperialcow@aol.com
Stan,Choi,schoi.iv@gmail.com
Cameron,Taylor,thecooljetson@gmail.com
James,Baxter,cantdoabackflip@gmail.com
Jon,Czas,wavelink99@yahoo.com
Makin,Brocks,makin_brocks@yahoo.com
"John Michael",Santos,jmkhul_27@yahoo.com
Wren,Rudolph,wrenjr@verizon.net
Carolyn,Richon,cmrichon@gmail.com
Keanu,Ross-Cabrera,keanu.ross-cabrera@live.com
Michael,Ross,mikerosstheboss42@yahoo.com
Sierra,Frischknecht,sierra.frischknecht@gmail.com
Diego,Foronda,diego.foronda@gmail.com
Mario,Flores,mflores3@gmail.com
Branndon,Marshall,branndonmarshall@gmail.com
Steffi,Ammons,steffi.ammons@gmail.com
Cadeem,Franklin,cadeem.franklin@gmail.com
Roderick,Marshall,bigrod2354@yahoo.com
Shawn,Banks,sbanks17@gmail.com
Shawn,Banks,sbanks17@yahoo.com
Edwin,Villeda,edwinvilleda45@yahoo.com
Harith,"De Silva",masterwraith@gmail.com
antonio,singleton,antoniomsingleton@gmail.com
Dylan,Deshler,deshler.dylan@gmail.com
James,Page,jdpage1989@gmail.com
Keaton,Somerville,keatonsomerville@yahoo.com
Steffano,Pereyra,steffano28pereyra@gmail.com
DEARIS,Greenidge,demersongreenidge@gmail.com
Keith,Salisbury,keithsals@gmail.com
Jimmy,Nguyen,jimmyn04@gmail.com
Mark,Landry,drewcl92@gmail.com
tanya,rosenblut,tanya.rosenblut@gmail.com
Chris,Grant,chriskgrant@gmail.com
Julia,Okun,isaberner@comcast.net
Michael,Glazer,mg_and_lb@yahoo.com
Olivia,Deramus,okuj140@burkeschool.org
Nicholas,Grubb,muzicman4990@gmail.com
Kim,Yie,taalcon@hotmail.com
randy,mauricio,randymauricio@rocketmail.com
Nicholas,Hasko,nicholashasko@gmail.com
Logan,Lopez,llopez792@yahoo.com
Christopher,Glover,bushman95@gmail.com
Justin,Bruch,jbruch694@gmail.com
Davon,Colbert,davonmykel@yahoo.com
Denis,Sgouros,ds1037a@student.american.edu
Shiva,Minovi,shiva.minovi@gmail.com
Hagar,Sanjakdar,hagars94@vt.edu
Aaron,Lewter,laballer23@gmail.com
donovin,bowman,bowmansidneyd@gmail.com
Lauren,Deason,laurendeason@gmail.com
Loraine,Heckenberg,loraheck@gmail.com
Enrique,Rojas,4241818@gmail.com
Sarah,Tucker,smt32@georgetown.edu
John,Robinson,johnjay_729@verizon.net
John,Romaine,lettucehead91@hotmail.com
John,Hillery,johnhillery@gmail.com
Reid,Brown,getreid@gmail.com
Paul,Cowden,paul.cwdn@gmail.com
Hillius,Ettinoffe,hillius.ettinoffe@gmail.com
Lindsay,Foshee,lindsay.alexis14@gmail.com
Michael,Humady,mhumady90@gmail.com
Philip,Piatt,piattcp@live.com
Rochelle,O'Brien,sandra.rochelle@gmail.com
Claudia,Solari,claudiasolari@gmail.com
Caroline,Rothermel,caroline_rothermel@yahoo.com
Kara,Paterson,kara.paterson@gmail.com
Derek,Woodman,derek.woodman@gmail.com
Jace,Fullmer,fullmerjace@hotmail.com
Jamie,Helgren,jamiehelgren@gmail.com
Dorian,Chandler-Hall,dajch1996@yahoo.com
Malik,Carney,cmalik315@yahoo.com
Jeremy,Wahyudi,jeremy_wahyudi@yahoo.com
Timmy,Rattanaphone,trattanaphone@gmail.com
Bradley,Senft,m3t4thesis@gmail.com
Catalina,Zafra,d.catalinaes@live.com
Ace,Eclar,gamerace100@gmail.com
Kai,Filion,kaifilion@gmail.com
Tyrice,Henry,tyrice_henry@yahoo.com
Joseph,Forcier,joeforcier@gmail.com
kevin,perry,kevinperry2428@gmail.com
Alex,Bledsoe,abledsoe50@yahoo.com
Nathan,Incognito,nathan.incognito@gmail.com
khaleel,carrington,khaleelcarrington@yahoo.com
Jacob,Hayman,jakehayman96@gmail.com
David,Johns,mrdavidjohns2@gmail.com
Jason,Whitney,jwhit525@gmail.com
xander,kott,sharkbite15@gmail.com
Fahed,Naili,fnsawfive@gmail.com
John,Novak,johnwnovak@gmail.com
Khabeer,Salaam,khabeer.salaam@gmail.com
Will,Woodworth,bokeley@gmail.com
Lamont,Whiteside,rjthorne131@yahoo.com
rashawn,jackson,rashawntjackson26@yahoo.com
Jami,Murray,jamicmurray@yahoo.com
Ginger,Tagliarino,gtagliarino@gmail.com
Ibrahim,Lamin,i_lamin@yahoo.com
Ben,Sisko,brsisko@gmail.com
Wesley,Nooter,wnooter@yahoo.com
Cindy,Tran,cindytran.ct@gmail.com
Jessica,Rybka,jessicarybka@gmail.com
Michaela,Lyles,lylesmichaela@gmail.com
Patience,Davis,patience.tamarra@yahoo.com
nicholas,rivero,lostsnowman@gmail.com
Danielle,Thorne,dathorne@smcm.edu
David,Lazere,davidlazere@gmail.com
Justin,Nguyen,djustinnguyen@gmail.com
Chris,Marriage,chris.marriage@gmail.com
Evan,Ballan,evan1035@gmail.com
Levi,Lara,lara.levie@gmail.com
Eric,Lewis,airshp12@vt.edu
Jenny,Bagnell,sarat.thompson@gmail.com
Trevor,Clarkson,tclarkson929@gmail.com
nate,lee,nalexlt1996@yahoo.com
Steven,Lowe,sjl5111@aol.com
Brian,Strege,bdstrege@gmail.com
Ferdinand,Torres,tferdinand@yahoo.com
Sam,Smith,trezishyvibe@gmail.com
jasser,vudka,jasservudka101@gmail.com
James,Bonneau,james.bonneau@gmail.com
Nicole,Young,nicole.g.young@gmail.com
Melissa,Terry,littleone013@gmail.com
Emily,Russel,emilyrussel29@gmail.com
Ethan,Albert,emanalbert@aol.com
Tim,Campbell,themotheus@gmail.com
Daniel,Frohlich,frohlich.dan@gmail.com
Caroline,Ewing,cama130@burkeschool.org
JoLissa,Jones,jolissajones@gmail.com
Galen,Winey,galendw@gmail.com
Corinne,Hoogakker,choogakker@gmail.com
TJ,Shillingburg,obxbeachboy1@yahoo.com
Andrew,Zapfel,azapfel@gwmail.gwu.edu
Nicole,Mejia-Mamani,nicole.mejia2013@yahoo.com
Makenry,Lujan,chachiz1@yahoo.com
Linnet,Davis-Stermitz,linnet.davis.stermitz@gmail.com
Emily,Reid,cubicaglacies@gmail.com
Katie,keegin,katiekeegin@gmail.com
Carlos,Castro,zack2ooo@hotmail.com
Julio,sorigalvarro,july2211@live.com
Andrew,Petrilli,petrilli.andrew@yahoo.com
tiffani,lewis,tc.lewis7@gmail.com
Zachary,Melnick,zachary.melnick@gmail.com
davontae,smith,davontae_23@hotmail.com
Grant,Dickinson,grantdickinson39@aim.com
Nicolas,carson,nicolas9101@yahoo.com
Meghan,Perry,meperry@email.wm.edu
Chris,Kirk,cperryk@gmail.com
Kyle,Sneeden,kdsneeden@email.wm.edu
Lam,Nguyen,lamhtnguyen@gmail.com
Chris,Canary,clcanary@gmail.com
Brian,Perry,perry.b908@gmail.com
connor,Perry,perrycm3@vcu.edu
Eshaka,Conteh,eshaka.conteh@gmail.com
Nimit,Lad,junkmail1066@gmail.com
Andrea,Wooding,andrea.m.wooding@gmail.com
Sadia,Kalsoom,sadiakalsoom@gmail.com
Julius,Cooper,jubasket@yahoo.com
Kody,Low,kodysteam@hotmail.com
Johnny,Simmons,solo_kid23@yahoo.com
Luke,Hinshelwood,luke.hinshelwood@centre.edu
Martin,Marshall,martinmason@rockemtail.com
Miya,Cain,miya.cain@gmail.com
Anthony,Zometa,azometa11@hotmail.com
Ervin,Owusu,ervin2345@gmail.com
Kahlil,Lindsey,kahlil_rasul_lindsey@yahoo.com
Kameshia,Tolliver,kameshiatolliver@yahoo.com
Trey,Douglas,tee22410@aim.com
Samuel,Haddaway,srfhaddaway@gmail.com
cesar,pena,stfucesar@gmail.com
Sophia,Tesfaye,sophia.tesfaye@gmail.com
Haley,Jacquet,ms.guadagnino@yahoo.com
lamont,"white side",lamont@yahoo.com
Doriana,Thornton,fairys_are_real350@yahoo.com
Jon,Fa,sacdom0007@yahoo.com
Travis,Thompson,travr.thompson@gmail.com
Sterling,Roberson,roberson.sterling@gmail.com
Bethany,O'Donnell,bethany.odonnell@yahoo.com
Dettrick,Dickerson,lavishclarck@gmail.com
joe,davila,joedav358@yahoo.com
Kate,Starr,maggiesimpson@lnf.com
Gus,Depra,gusbus32@gmail.com
Justus,Graham,justusgraham@gmail.com
Sam,Palca,sam.palca@gmail.com
Melissa,Roark,mroark923@yahoo.com
Anais,Lu,lu.anais@live.fr
Elizabeth,Smith,eksmith@email.wm.edu
Sean,Hopkins,smhopkins@live.com
Joshua,Stallings,joshua.r.stallings@gmail.com
Jesse,Bruce,jessegmode12@gmail.com
Daniel,Potter,dpotter1983@gmail.com
Jenna,Rieling,jriel4@yahoo.com
Alex,Valentino,alexjvalentino@gmail.com
Bridgett,Platz,bridgett.platz@gmail.com
Rick,Dembinski,dembones31@gmail.com
Ben,Lister,bzlister@gmail.com
Ken,Vallis,ksvallis@gmail.com
Naomi,"Marie Rose",dragonkunai@gmail.com
Maiya,Elliott,maiya.elliott@gmail.com
Blair,Gilbert,blairlgilbert@gmail.com
Zoe,Gatti,pingurox101@gmail.com
Sarah,Ulstrup,sarah.ulstrup@gmail.com
Ben,Lewis,benlewis08@gmail.com
Jordan,Wells,jordanwells@gmail.com
Erik,Sachser,mixtext@gmail.com
Abby,Melick,abbymelick07@gmail.com
Jackie,Johnson,johjackie@gmail.com
Khaliah,James,crazyliah97@gmail.com
Martin,ruiz,martinc_ruiz@yahoo.com
BEATRIZ,"Gimenez de cordoba",beagdc@hotmail.es
Kyrsten,Brown,kyrstensbrown@gmail.com
Danielle,Draper,dd5763a@student.american.edu
Stanley,Augustin,stanley.augustin38@gmail.com
Jessica,Barbour,patience.tanarra@yahoo.com
Melissa,Huang,1233melissa4456@gmail.com
PJ,Tabit,pjtabit@gmail.com
Jessy,Hanmer,jessica.hanmer@gmail.com
Dax,McDonell,dmac365@yahoo.com
Penina,G,p.e.graubart@gmail.com
Elizabeth,Cubanski,bcubanski@me.com
Andres,Gonzalez,gonzothegr8@gmail.com
alexandra,rhodes,rhodes.alexb@gmail.com
Ashleigh,Ferran,ashleighferran@gmail.com
aisha,albader,aisha.albader@live.com
Lance,Nelson,thenelsons630@gmail.com
Ken,Modde,kmodde@gmail.com
Adish,Padhani,adishraza@gmail.com
Kendall,Hermsdorf,kendallhermsdorf@gmail.com
Ghada,Hallal,gh_21_2003@yahoo.com
Dysis,Scarlett,dysis.scarlett@gmail.com
Ryan,West,ryan.west89@yahoo.com
Naomi,Logan,naomif.logan@gmail.com
Abhi,Pandey,abhi.de.chicago@gmail.com
Devan,Abercrombie,devan.hockey@gmail.com
Matt,Law,cmmlaw@gmail.com
Dinambi,Butler,dinambi.butler@gmail.com
Torie,Partridge,torie.partridge@gmail.com
Scott,Sheppard,sheppardss@yahoo.com
Joshua,Trowell,mgmjwt95@aol.com
patrick,clark,patrick.clark08@gmail.com
Rob,Parker,robertperryparker3@yahoo.com
Carroll,Wongchote,asianfolyfe89@hotmail.com
Steven,Feldman,mr.stevenfeldman@gmail.com
Nancy,Blanford,blanfordnk@gmail.com
Paul,Frederique,frederique.paul@gmail.com
Andre,Williams,am.willa@gmail.com
Gregory,Feldman,feldmangreg@gmail.com
Deyundraus,Dawson,deyundraus@hotmail.com
Skylar,Hays,theskylarhays@gmail.com
Cecilia,Bahamon,cec.bahamon@gmail.com
Alexandra,Flesch,amflesch@gmail.com
Meghan,Herbert-Walters,meghanherbertwalters22@yahoo.com
gerry,rubi,rubigerry@yahoo.com
Courtney,Perkins,perkinsc12@mail.wlu.edu
Jason,Perry,jason.perry301@gmail.com
hassan,asraful,hassan_dbzgt@yahoo.com
Evan,Williamson,ewilliamson51@gmail.com
Jesse,Diasparra,jdiasparra@mail.usf.edu
John,Pera,fearthedogpound7@aol.com
andre,malochee,malochizzle@gmail.com
alfredo,rodriguez,alfredors40@hotmail.com
William,Meyerson,william.meyerson@yale.edu
Kaylin,Lapan,cmackenzie876@gmail.com
Kiauna,Ferguson,ladyykayy459@gmail.com
Mal,Cherifi,cherifimal@gmail.com
Chris,Law,law.christopher.j@gmail.com
Elizabeth,Gannaway,engannaway@hotmail.com
Emily,Voelker,metaphoricallyspeaking11@yahoo.com
Alex,Boughton,ajboughton@optomline.net
Allasha,Farmer,lasha_farmer@yahoo.com
gabriel,mejia,gabrielmejia96@gmail.com
Jennifer,Golinsky,jengolinsky@gmail.com
Adam,Clancy,clancyadam@gmail.com
Kristina,Kovch,k.kovch@gmail.com
Daniel,ErkenBrack,donor444@gmail.com
Dayton,Burchfield,dayton.burchfield@gmail.com
Iliana,Jaime,iljaime@wis.edu
Pat,Collier,patcollier4@gmail.com
Jaya,Vallis,jayavallis@gmail.com
James,Lin,jamesll@uci.edu
Jeffrey,Byers,jeff_jeff172@yahoo.com
Mirjam,Jasiak,mirjamjasiak@gmail.com
Mike,Garey,mgarey92@yahoo.com
Drew,McLindon,drew@mclindons.com
Emily,Brinker,ebrinker@sgu.edu
cardell,Torney,cardelltorney9@gmail.com
Josiah,Spain,jopain90@yahoo.com
jacqueline,Countiss,jalynne88@gmail.com
Devin,Hazard,chazthehaz@yahoo.com
Patrick,Nabonne,free_runner19@yahoo.com
Carroll,Wongchote,cwongchot@radford.edu
Lindsay,Elliott,lccelliott@gmail.com
Saya,Abzhanova,saida.abzhanova@gmail.com
Damilola,Laguda,damilola.laguda@gmail.com
Maia,Miller,maia.miller@yahoo.com
Louise,Morabito,pjtabit@me.com
elilta,Ogbab,mscleopatra@live.com
Tyrone,Baker,tbonebakerbones@yahoo.com
Justin,Kerekes,kingkerekes@yahoo.com
Manuela,Bayon,mbayon.25@gmail.com
Jennifer,Tchinnosian,jennifertch@gmail.com
Amir,Mansour,amo.alamir@gmail.com
Carl,Fanfan,carlcef33@yahoo.com
