first_name,last_name,primary_email,title,organization,street,city,state,zip,phone,twitter_display_name,instagram_display_name,website,vip,birthday,gender,createdate,event
Brandon,Schmittling,brandon@cluster-media.com,,"Cluster Media",,,,,,,,,0,,,"2013-01-24 17:43:00",SurviveDC
Brandon,Ellis,,,,,,,,,,bellsjr,,0,,,"2013-01-25 05:39:45",SurviveDC
ðŸ˜®My,"Name Is ðŸ˜ðŸ‘‰ðŸœ",,,,,,,,,,anttheawes0me,,0,,,"2013-01-25 05:39:49",SurviveDC
Cameron,Graitge,,,,,,,,,,camerongraitge53,,0,,,"2013-01-25 05:39:52",SurviveDC
Leslie,,,,,,,,,,,bacupoffm3,,0,,,"2013-01-25 05:39:57",SurviveDC
Will,Drayer,,,,,,,,,,willdrayer,,0,,,"2013-01-25 05:40:07",SurviveDC
Cindy,Tran,,,,,,,,,,fashionablycindy,,0,,,"2013-01-25 05:40:12",SurviveDC
Brett,Adelman,brett.e.adelman@gmail.com,,,,,,,,,,,0,,,"2013-01-27 21:46:41",SurviveDC
Robert,Carlton,robert.j.carlton@gmail.com,,,,,,,,,,,0,,,"2013-01-27 21:46:52",SurviveDC
Steven,Moore,moore.steven.c@gmail.com,,,,,,,,,,,0,,,"2013-01-30 19:33:30",SurviveDC
Maya,Batts,maya@girlnetic.com,,,,,,,,,,,0,,,"2013-01-31 13:26:26",SurviveDC
Robert,Magsipoc,robertmagsipoc@yahoo.com,,,,,,,,,,,0,,,"2013-02-01 20:08:44",SurviveDC
Alec,Nicewick,alec.nicewick@gmail.com,,,,,,,,,,,0,,,"2013-02-01 21:18:06",SurviveDC
michael,schalka,schalkam@gmail.com,,,,,,,,,,,0,,,"2013-02-02 15:40:33",SurviveDC
Mark,Starbuck,starbum@gmail.com,,,,,,,,,,,0,,,"2013-02-02 21:16:50",SurviveDC
Amanda,Frank,amanda.frank85@gmail.com,,,,,,,,,,,0,,,"2013-02-02 21:18:18",SurviveDC
Byron,Himberger,perianwyr@gmail.com,,,,,,,,,,,0,,,"2013-02-04 16:37:25",SurviveDC
Rex,"Rooker II",rex.rooker2@gmail.com,,,,,,,,,,,0,,,"2013-02-04 19:53:06",SurviveDC
Tim,Matthews,tmatt516@gmail.com,,,,,,,,,,,0,,,"2013-02-06 04:24:06",SurviveDC
Ryan,Burton,rlburton5@aol.com,,,,,,,,,,,0,,,"2013-02-06 04:24:38",SurviveDC
Dameian,Prince,dameianprnc@yahoo.com,,,,,,,,,,,0,,,"2013-02-06 21:23:18",SurviveDC
J'Quan,Scott,neely.jquan@yahoo.com,,,,,,,,,,,0,,,"2013-02-06 21:25:46",SurviveDC
Joesph,Wood,eternaloblivion55@gmail.com,,,,,,,,,,,0,,,"2013-02-06 21:39:18",SurviveDC
Humberto,Silvera,silvera1993@aol.com,,,,,,,,,,,0,,,"2013-02-07 00:58:49",SurviveDC
Natalie,Contreras,natigrace03@gmail.com,,,,,,,,,,,0,,,"2013-02-07 01:16:38",SurviveDC
Brian,Rivas,brian.jrivas@yahoo.com,,,,,,,,,,,0,,,"2013-02-07 01:19:00",SurviveDC
Nacim,Bouchtia,bouchacha@gmail.com,,,,,,,,,,,0,,,"2013-02-07 04:15:56",SurviveDC
Edward,Marshall,poetry1994@gmail.com,,,,,,,,,,,0,,,"2013-02-07 04:29:55",SurviveDC
Carimar,Vargas,curi1992@gmail.com,,,,,,,,,,,0,,,"2013-02-08 19:50:46",SurviveDC
Scott,Thompson,tscott8712@gmail.com,,,,,,,,,,,0,,,"2013-02-10 19:32:30",SurviveDC
jill,bader,jillbader@gmail.com,,,,,,,,,,,0,,,"2013-02-11 04:22:45",SurviveDC
Hector,castro,h-castro1987@hotmail.com,,,,,,,,,,,0,,,"2013-02-11 18:34:35",SurviveDC
Will,Quinlan,will.quinlan96@gmail.com,,,,,,,,,,,0,,,"2013-02-11 22:30:22",SurviveDC
Genuine,Kinsey,genuinekinsey@yahoo.com,,,,,,,,,,,0,,,"2013-02-13 20:27:38",SurviveDC
Erick,Johnson,informellermitarbeiter@gmail.com,,,,,,,,,,,0,,,"2013-02-13 20:43:50",SurviveDC
Aviv,Rubinstien,,,,,,,,,,,,0,,,"2013-02-14 09:34:26",SurviveDC
Anh,Ha,,,,,,,,,,,,0,,,"2013-02-14 09:34:27",SurviveDC
Aaron,Hendricks,hendricks_aaron@hotmail.com,,,,,,,,,,,0,,,"2013-02-14 12:45:12",SurviveDC
Dylan,Giordano,d.w.giordano@gmail.com,,,,,,,,,,,0,,,"2013-02-15 20:02:44",SurviveDC
Shawn,Parker,arockkid@yahoo.com,,,,,,,,,,,0,,,"2013-02-17 05:05:38",SurviveDC
"Victor manuel","Luna robles",kchviko@gmail.com,,,,,,,,,,,0,,,"2013-02-17 17:19:35",SurviveDC
Lindsey,MacNabb,lindseyamacnabb@gmail.com,,,,,,,,,,,0,,,"2013-02-17 19:11:41",SurviveDC
Naeem,Mia,naeemmia@aol.com,,,,,,,,,,,0,,,"2013-02-19 02:03:27",SurviveDC
Damien,Abadia,damien112051@gmail.com,,,,,,,,,,,0,,,"2013-02-19 16:45:51",SurviveDC
Jeffrey,Corpuz,jxcorpuz@gmail.com,,,,,,,,,,,0,,,"2013-02-19 18:57:53",SurviveDC
Jacob,Stewart,jackietuttle@gmail.com,,,,,,,,,,,0,,,"2013-02-22 18:09:36",SurviveDC
Mario,Navarro,marionavarro10@live.com,,,,,,,,,,,0,,,"2013-02-22 18:18:32",SurviveDC
Donavin,Lewis,jslewis0@yahoo.com,,,,,,,,,,,0,,,"2013-02-22 21:00:50",SurviveDC
Alex,Lopez,axlopez93@gmail.com,,,,,,,,,,,0,,,"2013-02-23 04:26:26",SurviveDC
Sam,Dunietz,sjdunietz@gmail.com,,,,,,,,,,,0,,,"2013-02-23 13:13:32",SurviveDC
Laura,Brown,laura.a.brown87@gmail.com,,,,,,,,,,,0,,,"2013-02-23 19:43:10",SurviveDC
Ted,Sim,tedysim@gmail.com,,,,,,,,,,,0,,,"2013-02-23 19:45:56",SurviveDC
armando,amaya,shin001rain@gmail.com,,,,,,,,,,,0,,,"2013-02-25 03:44:11",SurviveDC
luis,amaya,luisamaya06@yahoo.com,,,,,,,,,,,0,,,"2013-02-25 03:53:36",SurviveDC
Alesia,Ashley,alesia.ashley@gmail.com,,,,,,,,,,,0,,,"2013-02-26 00:45:06",SurviveDC
Amadi,Hemphill,amadi.hemphill@gmail.com,,,,,,,,,,,0,,,"2013-02-26 01:50:13",SurviveDC
Ryan,Hong,rhong98@yahoo.com,,,,,,,,,,,0,,,"2013-02-26 10:51:35",SurviveDC
Sarah,Saffron,zukoismybf@gmail.com,,,,,,,,,,,0,,,"2013-02-26 18:10:18",SurviveDC
Ryan,Lavery,rlavery20@gmail.com,,,,,,,,,,,0,,,"2013-02-26 21:46:11",SurviveDC
Michelle,Spektor,spektor.michelle@gmail.com,,,,,,,,,,,0,,,"2013-02-26 21:48:17",SurviveDC
Graham,Jenkins,grahamwjenkins@gmail.com,,,,,,,,,,,0,,,"2013-02-27 10:53:01",SurviveDC
Feng,Chen,fengxchen@yahoo.com,,,,,,,,,,,0,,,"2013-02-27 13:17:41",SurviveDC
Ivan,Cortes,cortessoccer16@yahoo.com,,,,,,,,,,,0,,,"2013-02-27 20:15:53",SurviveDC
Nathaniel,Rogers,naterogers24@yahoo.com,,,,,,,,,,,0,,,"2013-02-28 14:35:54",SurviveDC
Robert,Ramsay,robertwramsay@gmail.com,,,,,,,,,,,0,,,"2013-02-28 17:08:12",SurviveDC
Jerry,Yen,jerry.yen@gmail.com,,,,,,,,,,,0,,,"2013-02-28 23:58:46",SurviveDC
Thomas,Schafbuch,tschafbu@gmail.com,,,,,,,,,,,0,,,"2013-03-02 20:07:19",SurviveDC
Braden,O'Meara,braden.omeara@gmail.com,,,,,,,,,,,0,,,"2013-03-03 19:32:08",SurviveDC
Rachel,Watford,billiefdot@gmail.com,,,,,,,,,,,0,,,"2013-03-03 20:08:38",SurviveDC
John,Lynagh,lynagh18@gmail.com,,,,,,,,,,,0,,,"2013-03-04 11:04:40",SurviveDC
Irma,Aguilar-Delfin,dyctiostelium@gmail.com,,,,,,,,,,,0,,,"2013-03-04 18:58:41",SurviveDC
James,Giguere,jimgiguere@hotmail.com,,,,,,,,,,,0,,,"2013-03-05 17:54:50",SurviveDC
David,Hagedorn,dfhagedorn@gmail.com,,,,,,,,,,,0,,,"2013-03-06 10:14:33",SurviveDC
Jesse,Escobar,je75793@gmail.com,,,,,,,,,,,0,,,"2013-03-06 11:27:11",SurviveDC
Ernest,Mitchell,nedmitchell@gmail.com,,,,,,,,,,,0,,,"2013-03-06 11:41:26",SurviveDC
Chelsea,Lundquist-Wentz,clundquistwentz@gmail.com,,,,,,,,,,,0,,,"2013-03-06 15:36:18",SurviveDC
Jason,Dooley,tachikoma.redux@gmail.com,,,,,,,,,,,0,,,"2013-03-06 17:58:43",SurviveDC
Olivia,Blackmon,oblackmon@me.com,,,,,,,,,,,0,,,"2013-03-06 20:47:24",SurviveDC
Diego,Alves,usdi83@gmail.com,,,,,,,,,,,0,,,"2013-03-07 10:41:48",SurviveDC
Adrian,Mangiuca,adrian1313@gmail.com,,,,,,,,,,,0,,,"2013-03-07 11:05:32",SurviveDC
Sasha,West,swest430@gmail.com,,,,,,,,,,,0,,,"2013-03-07 15:24:20",SurviveDC
Christopher,Chern,christopher.chern@gmail.com,,,,,,,,,,,0,,,"2013-03-08 13:46:23",SurviveDC
Christina,Alcorta,c.alcortahollinsed@gmail.com,,,,,,,,,,,0,,,"2013-03-08 20:19:10",SurviveDC
Jessica,Strock,jcstrock@gmail.com,,,,,,,,,,,0,,,"2013-03-10 21:34:08",SurviveDC
Brian,Feathers,unperson@live.com,,,,,,,,,,,0,,,"2013-03-11 01:01:45",SurviveDC
adsfadf,adfadf,adsfadsf@hotmail.com,,,,,,,,,,,0,,,"2013-03-12 16:06:57",SurviveDC
Thomas,Hailu,thomashailu@gmail.com,,,,,,,,,,,0,,,"2013-03-13 13:13:22",SurviveDC
Sulaiman,Almaroof,salmaroof@gmail.com,,,,,,,,,,,0,,,"2013-03-13 13:14:30",SurviveDC
Leslie,Knight,l.nicole.knight@gmail.com,,,,,,,,,,,0,,,"2013-03-13 15:48:10",SurviveDC
Brittany,Harvey,bnh2486@gmail.com,,,,,,,,,,,0,,,"2013-03-13 15:51:12",SurviveDC
Nicholas,Broussard,nickq34@yahoo.com,,,,,,,,,,,0,,,"2013-03-14 13:57:50",SurviveDC
Michael,Wolfslau,mkewolf@gmail.com,,,,,,,,,,,0,,,"2013-03-14 19:40:54",SurviveDC
Jeremy,Sexton,jeremy.c.sexton@gmail.com,,,,,,,,,,,0,,,"2013-03-15 16:27:16",SurviveDC
Daniel,Kumatz,daniel.kumatz@gmail.com,,,,,,,,,,,0,,,"2013-03-15 16:51:56",SurviveDC
Adam,Kumatz,adamkumatz@gmail.com,,,,,,,,,,,0,,,"2013-03-15 16:53:45",SurviveDC
Erik,Vasquez,e.vasquez08@gmail.com,,,,,,,,,,,0,,,"2013-03-15 17:38:23",SurviveDC
TED,BRADY,brady.responds@gmail.com,,,,,,,,,,,0,,,"2013-03-15 20:00:31",SurviveDC
Collin,Peterson,collin.esk.peterson@gmail.com,,,,,,,,,,,0,,,"2013-03-15 21:22:09",SurviveDC
Meredith,Rosol,meredith.rosol@gmail.com,,,,,,,,,,,0,,,"2013-03-17 18:54:56",SurviveDC
Ryan,Au,vapr0d1gy@gmail.com,,,,,,,,,,,0,,,"2013-03-18 00:33:49",SurviveDC
Stephen,Holt,holt.steveb@gmail.com,,,,,,,,,,,0,,,"2013-03-18 11:41:38",SurviveDC
Scott,Saggio,sasaggio@gmail.com,,,,,,,,,,,0,,,"2013-03-18 11:43:40",SurviveDC
Jynika,Craig,j.n.craig08@hotmail.com,,,,,,,,,,,0,,,"2013-03-18 20:02:47",SurviveDC
Jennifer,Camp,jennifer.m.camp@gmail.com,,,,,,,,,,,0,,,"2013-03-18 20:02:49",SurviveDC
Brittany,Thompson,brittany.m.t@gmail.com,,,,,,,,,,,0,,,"2013-03-18 20:11:24",SurviveDC
Job,Amaro,cooljbad@msn.com,,,,,,,,,,,0,,,"2013-03-19 15:24:00",SurviveDC
Matt,Roberts,mattproberts@hotmail.com,,,,,,,,,,,0,,,"2013-03-19 15:51:21",SurviveDC
Karin,Underwood,karsunde726@gmail.com,,,,,,,,,,,0,,,"2013-03-20 00:26:50",SurviveDC
Mark,Hsen,mark.hsen@gmail.com,,,,,,,,,,,0,,,"2013-03-20 12:15:14",SurviveDC
Angie,Doyle,amdoyle2010@aol.com,,,,,,,,,,,0,,,"2013-03-20 20:54:37",SurviveDC
Brad,Murray,bradford.murray@gmail.com,,,,,,,,,,,0,,,"2013-03-20 21:28:11",SurviveDC
Alex,Mueck,ajmueck@gmail.com,,,,,,,,,,,0,,,"2013-03-20 23:12:50",SurviveDC
Cody,Shaw,shaw.cody@gmail.com,,,,,,,,,,,0,,,"2013-03-21 15:31:14",SurviveDC
Carter,Brockman,carter.brockman@gmail.com,,,,,,,,,,,0,,,"2013-03-21 18:27:25",SurviveDC
Yasha,Langer,ylanger2@gmail.com,,,,,,,,,,,0,,,"2013-03-23 23:06:40",SurviveDC
Eleanor,Fisher,efbookbabe@yahoo.com,,,,,,,,,,,0,,,"2013-03-23 23:07:08",SurviveDC
Nessa,Sheikhzadeh,v_10101@hotmail.com,,,,,,,,,,,0,,,"2013-03-25 09:58:21",SurviveDC
Douglas,Bryant,dougjbryant@verizon.com,,,,,,,,,,,0,,,"2013-03-27 17:16:25",SurviveDC
Nikki,Gooding,cindy.le16@gmail.com,,,,,,,,,,,0,,,"2013-03-28 10:18:26",SurviveDC
Katie,Dias,diaske@dukes.jmu.edu,,,,,,,,,,,0,,,"2013-03-28 10:21:03",SurviveDC
Klenn,Harrigan,klennharrigan@hotmail.com,,,,,,,,,,,0,,,"2013-03-28 10:26:16",SurviveDC
Stephen,Redhead,redheadpg@gmail.com,,,,,,,,,,,0,,,"2013-03-28 14:22:09",SurviveDC
Chip,Vaughn,megax999@yahoo.com,,,,,,,,,,,0,,,"2013-03-28 16:12:50",SurviveDC
Maggie,Bonsu,mbonsu56@gmail.com,,,,,,,,,,,0,,,"2013-03-28 23:41:36",SurviveDC
Ifetayo,Olutosin,iaolutosin@gmail.com,,,,,,,,,,,0,,,"2013-03-29 11:41:42",SurviveDC
Carlos,Maza,carlosmmaza@gmail.com,,,,,,,,,,,0,,,"2013-03-29 16:59:38",SurviveDC
ray,k,therayk33@gmai.com,,,,,,,,,,,0,,,"2013-03-30 09:23:27",SurviveDC
Darius,Morgan,dariusmorgan2009@gmail.com,,,,,,,,,,,0,,,"2013-03-31 08:32:14",SurviveDC
Devin,McKay,ddm92392@yahoo.com,,,,,,,,,,,0,,,"2013-03-31 14:26:44",SurviveDC
Jasmine,Heath,jy.heath@yahoo.com,,,,,,,,,,,0,,,"2013-03-31 14:29:37",SurviveDC
Haley,Gross,haley.gross85@gmail.com,,,,,,,,,,,0,,,"2013-03-31 16:03:13",SurviveDC
Brittney,Jorgensen,bjorgensen09@gmail.com,,,,,,,,,,,0,,,"2013-03-31 16:11:40",SurviveDC
Ali,Khan,alihyattkhan@gmail.com,,,,,,,,,,,0,,,"2013-03-31 23:55:12",SurviveDC
Daniel,Moore,m_daniel90@yahoo.com,,,,,,,,,,,0,,,"2013-04-01 02:30:58",SurviveDC
Alice,Kim,jukim2@gmail.com,,,,,,,,,,,0,,,"2013-04-01 16:00:50",SurviveDC
Robert,Huizar,rhuizar@gmail.com,,,,,,,,,,,0,,,"2013-04-01 16:02:23",SurviveDC
Alec,Bradley,dvorakjester@gmail.com,,,,,,,,,,,0,,,"2013-04-01 16:05:50",SurviveDC
Drew,Kellock,drewkellock@yahoo.com,,,,,,,,,,,0,,,"2013-04-01 16:49:28",SurviveDC
Charlene,Deville,cbzdeville@yahoo.com,,,,,,,,,,,0,,,"2013-04-01 16:58:53",SurviveDC
Bladen,Vickery,signingforms@gmail.com,,,,,,,,,,,0,,,"2013-04-01 16:59:00",SurviveDC
Robert,Yarbrough,rwyarbro@ncsu.edu,,,,,,,,,,,0,,,"2013-04-01 17:08:02",SurviveDC
David,Miller,davmillr@outlook.com,,,,,,,,,,,0,,,"2013-04-01 17:43:20",SurviveDC
Jessica,Hollingshead,jessicanreyes@gmail.com,,,,,,,,,,,0,,,"2013-04-01 20:44:13",SurviveDC
Anna,Abbey,abbey.anna@gmail.com,,,,,,,,,,,0,,,"2013-04-01 22:52:44",SurviveDC
Maggie,Reinhold,mrein191@gmail.com,,,,,,,,,,,0,,,"2013-04-01 22:57:56",SurviveDC
David,Maness,davidmaness2012@gmail.com,,,,,,,,,,,0,,,"2013-04-01 23:30:31",SurviveDC
maria,li,msli4b@gmail.com,,,,,,,,,,,0,,,"2013-04-02 05:11:46",SurviveDC
peter,swigert,pswigert@gmail.com,,,,,,,,,,,0,,,"2013-04-02 05:14:27",SurviveDC
William,Sansevere,willbbc@gmail.com,,,,,,,,,,,0,,,"2013-04-02 08:01:03",SurviveDC
Lara,Russo,lar5n@virginia.edu,,,,,,,,,,,0,,,"2013-04-02 13:13:57",SurviveDC
Liam,Wade,lmwade@comcast.net,,,,,,,,,,,0,,,"2013-04-02 15:55:22",SurviveDC
Andrew,Schriver,acs127@case.edu,,,,,,,,,,,0,,,"2013-04-02 17:04:17",SurviveDC
Brian,Schwartz,bschwartz@imova.com,,,,,,,,,,,0,,,"2013-04-02 20:47:34",SurviveDC
Daniel,Won,dannywon@gwu.edu,,,,,,,,,,,0,,,"2013-04-02 21:42:10",SurviveDC
Subikram,Pandey,theworldunion@gmail.com,,,,,,,,,,,0,,,"2013-04-03 15:52:36",SurviveDC
Valerie,Smith,valerie.o.smith@gmail.com,,,,,,,,,,,0,,,"2013-04-03 17:04:02",SurviveDC
Gregory,Jenkins,gregjenkins27@comcast.net,,,,,,,,,,,0,,,"2013-04-03 20:11:14",SurviveDC
Clifton,Wallace,clifwall@gmail.com,,,,,,,,,,,0,,,"2013-04-03 22:55:20",SurviveDC
Yin,Lin,ylin224@gmail.com,,,,,,,,,,,0,,,"2013-04-03 23:01:24",SurviveDC
Jimmy,Cartrette,jimmy.cartrette@gmail.com,,,,,,,,,,,0,,,"2013-04-04 12:30:52",SurviveDC
Kelvin,Hu,jahlive92@gmail.com,,,,,,,,,,,0,,,"2013-04-04 16:35:30",SurviveDC
Joann,Coats,gjjcathome@aol.com,,,,,,,,,,,0,,,"2013-04-04 22:26:12",SurviveDC
Tenaya,Johnson,tenaya.johnson@dc.gov,,,,,,,,,,,0,,,"2013-04-04 22:36:27",SurviveDC
Edward,Bempong,ebempong@gmail.com,,,,,,,,,,,0,,,"2013-04-07 10:38:54",SurviveDC
Chase,Damiano,damianowc@gmail.com,,,,,,,,,,,0,,,"2013-04-07 11:55:58",SurviveDC
Kurt,Bembridge,kurt.bembridge@dc.gov,,,,,,,,,,,0,,,"2013-04-08 22:37:14",SurviveDC
Izzy,stoner,gaara.vanitysixx@gmail.com,,,,,,,,,,,0,,,"2013-04-08 23:05:43",SurviveDC
natalie,cervantes,natalieb112282@yahoo.com,,,,,,,,,,,0,,,"2013-04-09 09:58:18",SurviveDC
William,Ryan,williamdryan@gmail.com,,,,,,,,,,,0,,,"2013-04-09 15:57:20",SurviveDC
Sheva,Reed,shevareed@gmail.com,,,,,,,,,,,0,,,"2013-04-09 16:19:55",SurviveDC
Garrett,Werner,ifergott@gmail.com,,,,,,,,,,,0,,,"2013-04-09 21:02:32",SurviveDC
Maron,Kim,maron.kim@gmail.com,,,,,,,,,,,0,,,"2013-04-09 21:15:00",SurviveDC
Daniel,Boutwell,dboutwell3@gmail.com,,,,,,,,,,,0,,,"2013-04-09 21:18:21",SurviveDC
Joe,Kelly,joebot@gmail.com,,,,,,,,,,,0,,,"2013-04-09 22:28:21",SurviveDC
as,as,someguynamedbob_the1st@hotmail.com,,,,,,,,,,,0,,,"2013-04-09 23:51:44",SurviveDC
Tiffani,Sykhammountry,aznchem@aim.com,,,,,,,,,,,0,,,"2013-04-10 08:17:07",SurviveDC
Amy,Sikhammountry,pandarsaurusamy@yahoo.com,,,,,,,,,,,0,,,"2013-04-10 10:52:50",SurviveDC
Marib,Akanda,maribakanda@gmail.com,,,,,,,,,,,0,,,"2013-04-10 11:30:44",SurviveDC
Margot,Duchowny,margotduchowny@gmail.com,,,,,,,,,,,0,,,"2013-04-10 12:01:07",SurviveDC
"Brian T",Thimmesch,btims193@gmail.com,,,,,,,,,,,0,,,"2013-04-10 14:04:44",SurviveDC
Madison,Geisler,rangerrdangerr@gmail.com,,,,,,,,,,,0,,,"2013-04-10 20:53:48",SurviveDC
Zach,Smith,nekojesus@gmail.com,,,,,,,,,,,0,,,"2013-04-10 20:57:13",SurviveDC
Lyndon,Baltazar,lyndon.baltazar21@gmail.com,,,,,,,,,,,0,,,"2013-04-10 21:45:55",SurviveDC
James,Dieteman,kjatar@gmail.com,,,,,,,,,,,0,,,"2013-04-12 12:39:06",SurviveDC
Bianca,Grandolfo,bianca.migliaccio@gmail.com,,,,,,,,,,,0,,,"2013-04-12 12:44:26",SurviveDC
seth,swanson,lcaknights22@yahoo.com,,,,,,,,,,,0,,,"2013-04-12 16:33:40",SurviveDC
Connor,Shaw,ctshaw@indiana.edu,,,,,,,,,,,0,,,"2013-04-13 16:12:38",SurviveDC
Angel,Settle,asettle2@gmail.com,,,,,,,,,,,0,,,"2013-04-13 22:28:41",SurviveDC
Ryan,McGrath,ryan@venodesigns.net,,,,,,,,,,,0,,,"2013-04-13 23:04:08",SurviveDC
Elizabeth,Malm,elizabethlmalm@gmail.com,,,,,,,,,,,0,,,"2013-04-14 21:25:36",SurviveDC
Jeff,Menne,jeff.menne@yahoo.com,,,,,,,,,,,0,,,"2013-04-14 22:48:52",SurviveDC
Kevin,Hom,iaeste.psu.kh@gmail.com,,,,,,,,,,,0,,,"2013-04-15 06:31:56",SurviveDC
Aaron,Kent,aaron.m.kent@gmail.com,,,,,,,,,,,0,,,"2013-04-15 14:50:24",SurviveDC
Cecile,Truong,ctruong96@gmail.com,,,,,,,,,,,0,,,"2013-04-15 21:08:57",SurviveDC
Jonah,Tersol,5hendricksons@comcast.net,,,,,,,,,,,0,,,"2013-04-15 22:07:12",SurviveDC
Christopher,Jenkins,chrissjenkins24@gmail.com,,,,,,,,,,,0,,,"2013-04-15 22:50:48",SurviveDC
Claudia,Barragan,terps4all@yahoo.com,,,,,,,,,,,0,,,"2013-04-15 23:57:12",SurviveDC
Megan,Capiak,m.capiak@gmail.com,,,,,,,,,,,0,,,"2013-04-16 11:24:25",SurviveDC
Zack,Colman,zcolman@gmail.com,,,,,,,,,,,0,,,"2013-04-16 11:33:59",SurviveDC
James,Walsh,walshja6@gmail.com,,,,,,,,,,,0,,,"2013-04-16 11:44:43",SurviveDC
Hannah,Hess,hchess2@gmail.com,,,,,,,,,,,0,,,"2013-04-16 11:46:19",SurviveDC
Jeff,Torrey,torreyj1@gmail.com,,,,,,,,,,,0,,,"2013-04-16 16:16:47",SurviveDC
Kate,Jacobson,kate.m.jacobson@gmail.com,,,,,,,,,,,0,,,"2013-04-16 16:49:35",SurviveDC
Trevor,Bryant,trevorbryant@gmail.com,,,,,,,,,,,0,,,"2013-04-16 18:04:21",SurviveDC
Jacob,Narva,jacob.narva@gmail.com,,,,,,,,,,,0,,,"2013-04-16 20:07:37",SurviveDC
Zac,Kerxton,zkerxton@gmail.com,,,,,,,,,,,0,,,"2013-04-17 10:55:40",SurviveDC
Katie,Toskey,kat.toskey@gmail.com,,,,,,,,,,,0,,,"2013-04-17 14:09:25",SurviveDC
Alexandra,Standal,alexandra.standal@gmail.com,,,,,,,,,,,0,,,"2013-04-17 14:26:25",SurviveDC
Stephen,Pepe,pepe@alumni.brown.edu,,,,,,,,,,,0,,,"2013-04-17 23:34:58",SurviveDC
Patricia,Lafontant,p_lafontant@yahoo.com,,,,,,,,,,,0,,,"2013-04-19 11:35:25",SurviveDC
Joseph,Filerman,sapros07@gmail.com,,,,,,,,,,,0,,,"2013-04-19 12:50:37",SurviveDC
April,Cahill,april.cahill@ymail.com,,,,,,,,,,,0,,,"2013-04-19 18:30:13",SurviveDC
George,Saunders,georgesaunders@gmail.com,,,,,,,,,,,0,,,"2013-04-20 07:01:14",SurviveDC
Aaron,Oldenburg,aaron.oldenburg@gmail.com,,,,,,,,,,,0,,,"2013-04-20 15:42:09",SurviveDC
Melissa,Smith,melissa3872@gmail.com,,,,,,,,,,,0,,,"2013-04-20 21:35:46",SurviveDC
Noah,Kunin,noahkunin@gmail.com,,,,,,,,,,,0,,,"2013-04-21 16:30:46",SurviveDC
peter,keesey,pkeesey@gmail.com,,,,,,,,,,,0,,,"2013-04-21 17:06:51",SurviveDC
Graham,Lampa,graham.lampa@gmail.com,,,,,,,,,,,0,,,"2013-04-21 17:43:40",SurviveDC
brandon,price,brandonjamesp20@gmail.com,,,,,,,,,,,0,,,"2013-04-21 17:55:40",SurviveDC
Ashley,Carter,acdpu2009@gmail.com,,,,,,,,,,,0,,,"2013-04-21 19:40:50",SurviveDC
Karina,"van der Plas",kvdp24@mac.com,,,,,,,,,,,0,,,"2013-04-21 20:00:42",SurviveDC
Denis,Illige-Saucier,denis.writer@gmail.com,,,,,,,,,,,0,,,"2013-04-23 10:58:47",SurviveDC
Andrew,Tzikas,actzikas@gmail.com,,,,,,,,,,,0,,,"2013-04-23 12:49:12",SurviveDC
Nora,Xu,noralxu@gmail.com,,,,,,,,,,,0,,,"2013-04-23 16:38:11",SurviveDC
Aaron,Bost,abost1990@gmail.com,,,,,,,,,,,0,,,"2013-04-24 07:42:49",SurviveDC
Andrew,Lam,andrewlam38@gmail.com,,,,,,,,,,,0,,,"2013-04-24 10:48:47",SurviveDC
Brian,Billups,bb3836a@student.american.edu,,,,,,,,,,,0,,,"2013-04-24 10:53:20",SurviveDC
Sarindee,Wickramasuriya,sarindeew@gmail.com,,,,,,,,,,,0,,,"2013-04-24 14:02:09",SurviveDC
Chris,Douthat,wdouthat@masonlive.gmu.edu,,,,,,,,,,,0,,,"2013-04-25 14:11:56",SurviveDC
Hayden,Muller,urbaning20@yahoo.com,,,,,,,,,,,0,,,"2013-04-25 14:22:47",SurviveDC
Nora,Nezamuddin,n.nezamuddin@gmail.com,,,,,,,,,,,0,,,"2013-04-25 22:38:34",SurviveDC
Erfahn,Haghighi,e.haghighi69@gmail.com,,,,,,,,,,,0,,,"2013-04-25 22:49:54",SurviveDC
Anson,Smith,ansonbsmith@gmail.com,,,,,,,,,,,0,,,"2013-04-26 19:45:44",SurviveDC
Erik,Battle,erikbattle01@gmail.com,,,,,,,,,,,0,,,"2013-04-28 07:31:47",SurviveDC
Sean,Soby,ssoby@me.com,,,,,,,,,,,0,,,"2013-04-29 10:18:47",SurviveDC
Stephanie,Scheffler,sjscheffler@gmail.com,,,,,,,,,,,0,,,"2013-04-29 14:05:33",SurviveDC
Jeff,Wilson,jeff@jeffalwilson.com,,,,,,,,,,,0,,,"2013-04-29 14:48:44",SurviveDC
Matt,Prorok,matthew.d.prorok@gmail.com,,,,,,,,,,,0,,,"2013-04-29 14:48:45",SurviveDC
Diego,Chojkier,dchojkier@gmail.com,,,,,,,,,,,0,,,"2013-04-29 15:13:34",SurviveDC
Angie,Doyle,farfromnormal13@aol.com,,,,,,,,,,,0,,,"2013-04-29 15:21:20",SurviveDC
John,Body,johnbody@comcast.net,,,,,,,,,,,0,,,"2013-04-29 19:32:24",SurviveDC
Mastin,Fowler,mastodfow@gmail.com,,,,,,,,,,,0,,,"2013-04-29 21:25:42",SurviveDC
Wesley,Stepp,wesleyh.stepp@gmail.com,,,,,,,,,,,0,,,"2013-04-29 22:24:49",SurviveDC
Daniel,Gordon,danielcgordon@gmail.com,,,,,,,,,,,0,,,"2013-04-30 15:01:20",SurviveDC
Chris,Lewis,chrislewis8843@gmail.com,,,,,,,,,,,0,,,"2013-04-30 15:26:03",SurviveDC
Wendy,Ho,wjmh5390@gmail.com,,,,,,,,,,,0,,,"2013-04-30 20:38:03",SurviveDC
Leo,Wackler,leowackler@yahoo.com,,,,,,,,,,,0,,,"2013-04-30 22:09:11",SurviveDC
George,Zhu,gxzhu91@gmail.com,,,,,,,,,,,0,,,"2013-05-01 00:14:03",SurviveDC
Dianna,Manalastas,dianna.j.m@gmail.com,,,,,,,,,,,0,,,"2013-05-01 03:27:11",SurviveDC
Anthony,Dunn,jinx00723@gmail.com,,,,,,,,,,,0,,,"2013-05-01 11:31:38",SurviveDC
Jessica,Boehner,jessaboehner@gamil.com,,,,,,,,,,,0,,,"2013-05-01 12:03:17",SurviveDC
Alma,Aliaj,almaaliaj@gmail.com,,,,,,,,,,,0,,,"2013-05-01 14:40:09",SurviveDC
Mallory,Domingue,mallorydomingue@gmail.com,,,,,,,,,,,0,,,"2013-05-01 16:01:02",SurviveDC
Aaron,Kirsh,kirsh.aaron@gmail.com,,,,,,,,,,,0,,,"2013-05-01 16:02:06",SurviveDC
Josh,Burleson,sqwindy1990@gmail.com,,,,,,,,,,,0,,,"2013-05-01 16:46:41",SurviveDC
Melissa,Mapes,melissa.j.mapes@gmail.com,,,,,,,,,,,0,,,"2013-05-01 18:31:43",SurviveDC
Seth,Tendler,setendler@gmail.com,,,,,,,,,,,0,,,"2013-05-01 18:32:46",SurviveDC
Corey,Wise,cowise@gmail.com,,,,,,,,,,,0,,,"2013-05-01 20:10:14",SurviveDC
Tom,Cooper,tcoop12010@gmail.com,,,,,,,,,,,0,,,"2013-05-01 20:11:03",SurviveDC
Emerson,Tom,emtom652@gmail.com,,,,,,,,,,,0,,,"2013-05-01 20:43:50",SurviveDC
Ken,Lee,ken.lee1995@gmail.com,,,,,,,,,,,0,,,"2013-05-01 20:49:04",SurviveDC
Lucy,Towers,lucytowers@hotmail.co.uk,,,,,,,,,,,0,,,"2013-05-02 12:17:18",SurviveDC
Ian,Burgess,burgess.ian78@gmail.com,,,,,,,,,,,0,,,"2013-05-02 22:35:43",SurviveDC
Alberto,Valverde,albertov@gmail.com,,,,,,,,,,,0,,,"2013-05-03 17:35:24",SurviveDC
Aaron,Seyedian,aaronseyedian@gmail.com,,,,,,,,,,,0,,,"2013-05-04 11:42:10",SurviveDC
Liliane,Winograd,lilianewin@gmail.com,,,,,,,,,,,0,,,"2013-05-04 13:07:10",SurviveDC
Erika,Totten,eltotten@gmail.com,,,,,,,,,,,0,,,"2013-05-04 19:08:06",SurviveDC
Leonard,Thompson,lthompson.me@gmail.com,,,,,,,,,,,0,,,"2013-05-04 19:27:07",SurviveDC
Marcus,Young,myoung1203@gmail.com,,,,,,,,,,,0,,,"2013-05-04 19:45:42",SurviveDC
nick,harris,ajotta584@gmail.com,,,,,,,,,,,0,,,"2013-05-05 15:04:05",SurviveDC
Malik,Lloyd,malik.lloyd@gmail.com,,,,,,,,,,,0,,,"2013-05-06 06:08:12",SurviveDC
David,Light,lightdm@msn.com,,,,,,,,,,,0,,,"2013-05-06 08:36:08",SurviveDC
Daniel,Perez,cubandan22@gmail.com,,,,,,,,,,,0,,,"2013-05-06 09:00:27",SurviveDC
Andrea,O'Neill,scarletsaint@gmail.com,,,,,,,,,,,0,,,"2013-05-06 14:26:53",SurviveDC
Jose,Rojas,rojas.a.jose@gmail.com,,,,,,,,,,,0,,,"2013-05-06 15:50:25",SurviveDC
Daphne,Bolotas,dbolotas@gmail.com,,,,,,,,,,,0,,,"2013-05-06 19:29:20",SurviveDC
Joe,MarcariÃ¸,joemarcario@yahoo.com,,,,,,,,,,,0,,,"2013-05-06 19:34:43",SurviveDC
Katie,Runnerstrom,k1runner@vt.edu,,,,,,,,,,,0,,,"2013-05-06 20:43:38",SurviveDC
Gabriel,Fuentes,gffuentes@gmail.com,,,,,,,,,,,0,,,"2013-05-07 02:30:42",SurviveDC
Yvonne,Simmons,yvonnesimmons27@yahoo.com,,,,,,,,,,,0,,,"2013-05-07 13:14:46",SurviveDC
Joel,Arnold,joelkarnold@gmail.com,,,,,,,,,,,0,,,"2013-05-07 13:35:50",SurviveDC
Leila,Shiekhy,iko426@gmail.com,,,,,,,,,,,0,,,"2013-05-07 15:37:34",SurviveDC
Enti,Mooskin,mooe130@gmail.com,,,,,,,,,,,0,,,"2013-05-07 16:37:57",SurviveDC
Brent,King,brentsticks12@gmail.com,,,,,,,,,,,0,,,"2013-05-07 18:33:46",SurviveDC
Adam,Yeaple,a.yeaple@gmail.com,,,,,,,,,,,0,,,"2013-05-07 19:16:27",SurviveDC
Zane,Homsi,zthomsi@gmail.com,,,,,,,,,,,0,,,"2013-05-07 19:42:29",SurviveDC
Adam,Howard,ahowar39@montgomerycollege.edu,,,,,,,,,,,0,,,"2013-05-07 23:12:38",SurviveDC
Jeff,Atkinson,jeff.atkinson7@gmail.com,,,,,,,,,,,0,,,"2013-05-08 10:55:31",SurviveDC
Teaira,Mashack,tmashack@yahoo.com,,,,,,,,,,,0,,,"2013-05-08 14:27:14",SurviveDC
Rebecca,Lehrman,rlehrman1@gmail.com,,,,,,,,,,,0,,,"2013-05-08 16:56:09",SurviveDC
James,Boyd,james.k.boyd@gmail.com,,,,,,,,,,,0,,,"2013-05-09 09:36:31",SurviveDC
"Marvin Eton",Watson,mwatson1286@hotmail.com,,,,,,,,,,,0,,,"2013-05-09 10:55:21",SurviveDC
Russell,Kocher,kocherrt@gmail.com,,,,,,,,,,,0,,,"2013-05-09 12:17:04",SurviveDC
Philip,Schwada,pschwada@yahoo.com,,,,,,,,,,,0,,,"2013-05-09 13:02:43",SurviveDC
Ali,Shybut,ba19@jhu.edu,,,,,,,,,,,0,,,"2013-05-09 13:02:43",SurviveDC
Sunil,Ravi,sunilkravi@gmail.com,,,,,,,,,,,0,,,"2013-05-09 17:41:54",SurviveDC
Roman,weden,bieachbomb@aol.com,,,,,,,,,,,0,,,"2013-05-09 23:39:42",SurviveDC
Katie,Carmichael,carkamichael@gmail.com,,,,,,,,,,,0,,,"2013-05-10 00:48:54",SurviveDC
Carlos,Rodriguez,carlosjrodriguez15@yahoo.com,,,,,,,,,,,0,,,"2013-05-10 01:15:25",SurviveDC
Neal,Landers,nlander3327@gmail.com,,,,,,,,,,,0,,,"2013-05-10 10:41:04",SurviveDC
Gabriel,Ragsdale,ragsdagb89@gmail.com,,,,,,,,,,,0,,,"2013-05-10 12:00:32",SurviveDC
Thomas,McCarthy,t_mccarthy1@yahoo.com,,,,,,,,,,,0,,,"2013-05-10 12:30:22",SurviveDC
Dustin,Lenz,dustin.lenz1@gmail.com,,,,,,,,,,,0,,,"2013-05-10 12:34:19",SurviveDC
Nic,Rodgers,lotorings@yahoo.com,,,,,,,,,,,0,,,"2013-05-10 13:51:08",SurviveDC
Kimberly,Hanrahan-Havern,kimberly8@mac.com,,,,,,,,,,,0,,,"2013-05-10 14:04:37",SurviveDC
Devon,Bolton,devon.bolton@gmail.com,,,,,,,,,,,0,,,"2013-05-10 14:15:02",SurviveDC
Dirk,Bokeloh,df.bokeloh@gmail.com,,,,,,,,,,,0,,,"2013-05-10 14:16:30",SurviveDC
Rafi,Bortnick,lives.in.snow@gmail.com,,,,,,,,,,,0,,,"2013-05-10 14:17:43",SurviveDC
brittany,datin,britt78@me.com,,,,,,,,,,,0,,,"2013-05-10 14:58:57",SurviveDC
Andrew,Boddorff,aboddorff@gmail.com,,,,,,,,,,,0,,,"2013-05-10 15:30:48",SurviveDC
Anthony,Hunter,ahunter3b2@gmail.com,,,,,,,,,,,0,,,"2013-05-10 15:33:06",SurviveDC
Derreon,Jones,derreon437@gmail.com,,,,,,,,,,,0,,,"2013-05-10 15:35:04",SurviveDC
Timothy,Arnold,timothy.arnold616@gmail.com,,,,,,,,,,,0,,,"2013-05-10 15:38:32",SurviveDC
Christopher,Phillips,cphillips918@gmail.com,,,,,,,,,,,0,,,"2013-05-10 17:33:10",SurviveDC
Lauren,Canestrini,lncanestrini@email.wm.edu,,,,,,,,,,,0,,,"2013-05-10 23:13:23",SurviveDC
April,Hawkins,abo.hawkins@gmail.com,,,,,,,,,,,0,,,"2013-05-10 23:17:28",SurviveDC
Christine,Evans,bebe2amor@gmail.com,,,,,,,,,,,0,,,"2013-05-11 16:50:41",SurviveDC
Chris,Mueck,cmueck76@gmail.com,,,,,,,,,,,0,,,"2013-05-12 04:58:53",SurviveDC
Kenya,Champ,happyhourchamp@gmail.com,,,,,,,,,,,0,,,"2013-05-12 08:53:42",SurviveDC
Makenna,Wheeler,makenna.a.wheeler@gmail.com,,,,,,,,,,,0,,,"2013-05-12 19:41:54",SurviveDC
Rachel,Patrick,rlpcuriousexplorer@gmail.com,,,,,,,,,,,0,,,"2013-05-12 23:34:36",SurviveDC
Vidal,Nunez,nunezvidal@yahoo.com,,,,,,,,,,,0,,,"2013-05-13 10:14:41",SurviveDC
Joshua,Sanchez,joshua.sanchez.dc@gmail.com,,,,,,,,,,,0,,,"2013-05-13 16:44:15",SurviveDC
Jonathan,Bell,lily_jonathan_kenny@yahoo.com,,,,,,,,,,,0,,,"2013-05-13 18:25:39",SurviveDC
Maurice,Williams,mushiikun@gmail.com,,,,,,,,,,,0,,,"2013-05-13 21:48:47",SurviveDC
Beau,Dixon,playsoccerr@yahoo.com,,,,,,,,,,,0,,,"2013-05-13 21:54:58",SurviveDC
Carolina,Pena,carolina.penadc@gmail.com,,,,,,,,,,,0,,,"2013-05-13 22:53:07",SurviveDC
Victor,Salcedo,victor_sc99@hotmail.com,,,,,,,,,,,0,,,"2013-05-13 23:18:50",SurviveDC
Nicholas,Nader,nickmnader@gmail.com,,,,,,,,,,,0,,,"2013-05-14 01:21:15",SurviveDC
Ezequiel,Galeano,exekil@gmail.com,,,,,,,,,,,0,,,"2013-05-14 08:52:59",SurviveDC
Eoghan,Kelly,kelly.eog@husky.neu.edu,,,,,,,,,,,0,,,"2013-05-14 13:47:02",SurviveDC
Mike,Simasek,simasek.m@gmail.com,,,,,,,,,,,0,,,"2013-05-14 13:50:22",SurviveDC
Gabe,Segnatelli,gabesegnatelli@gmail.com,,,,,,,,,,,0,,,"2013-05-14 16:31:28",SurviveDC
Cory,Bigda,cjbigda@gmail.com,,,,,,,,,,,0,,,"2013-05-14 18:49:53",SurviveDC
John,Mooney,bonsackjohn@gmail.com,,,,,,,,,,,0,,,"2013-05-14 20:46:11",SurviveDC
Parker,Howard,butterman180@gmail.com,,,,,,,,,,,0,,,"2013-05-14 21:09:55",SurviveDC
Patrick,Rardin,patrick.rardin@gmail.com,,,,,,,,,,,0,,,"2013-05-14 22:54:25",SurviveDC
akinola,raymond,akinola.raymond@gmail.com,,,,,,,,,,,0,,,"2013-05-15 00:14:30",SurviveDC
Teddy,Purdy,theodorepurdy@aol.com,,,,,,,,,,,0,,,"2013-05-15 00:16:39",SurviveDC
Elliott,Steimer,eslegend@gmail.com,,,,,,,,,,,0,,,"2013-05-15 01:23:53",SurviveDC
Aaron,Hoffman,aaronhoffman34@gmail.com,,,,,,,,,,,0,,,"2013-05-15 09:26:44",SurviveDC
AJ,Harris,ajharri94@gmail.com,,,,,,,,,,,0,,,"2013-05-15 09:59:15",SurviveDC
Sara,Enan,sara90@brandeis.edu,,,,,,,,,,,0,,,"2013-05-15 10:01:43",SurviveDC
Garrett,Taira,g2stepsahead@gamil.com,,,,,,,,,,,0,,,"2013-05-15 10:58:22",SurviveDC
Christopher,Mentas,mentas.c@husky.neu.edu,,,,,,,,,,,0,,,"2013-05-15 11:45:48",SurviveDC
Jake,Lee,swagballermodeson69@gmail.com,,,,,,,,,,,0,,,"2013-05-15 13:19:28",SurviveDC
hamedah,dhalai,hamedah.dhalai@gmail.com,,,,,,,,,,,0,,,"2013-05-15 13:24:52",SurviveDC
Ross,MacAndrew,macandrew.r@husky.neu.edu,,,,,,,,,,,0,,,"2013-05-15 14:37:31",SurviveDC
Danny,Malashock,dmalashock1@gmail.com,,,,,,,,,,,0,,,"2013-05-15 16:26:04",SurviveDC
Amber,Wilcoxson,amberleann1286@gmail.com,,,,,,,,,,,0,,,"2013-05-15 19:17:26",SurviveDC
jack,crino,jackcrino@gmail.com,,,,,,,,,,,0,,,"2013-05-15 21:56:13",SurviveDC
Angelie,Angeles,angelie.angeles@gmail.com,,,,,,,,,,,0,,,"2013-05-15 21:58:36",SurviveDC
Ethan,Maron,ethan.maron@gmail.com,,,,,,,,,,,0,,,"2013-05-15 22:30:36",SurviveDC
Joe,Koh,joekoh7@gmail.com,,,,,,,,,,,0,,,"2013-05-16 01:25:02",SurviveDC
George,Hawkins,king.george55@hotmail.com,,,,,,,,,,,0,,,"2013-05-16 01:51:01",SurviveDC
Danny,Diaz,diaz_danny@comcast.net,,,,,,,,,,,0,,,"2013-05-16 01:54:12",SurviveDC
jaymi,padres,jaymi.padres@yahoo.com,,,,,,,,,,,0,,,"2013-05-16 07:58:43",SurviveDC
Paul,Devine,devine.52osu@gmail.com,,,,,,,,,,,0,,,"2013-05-16 08:21:11",SurviveDC
Christina,Chauca,bebita5001@aol.com,,,,,,,,,,,0,,,"2013-05-16 13:52:08",SurviveDC
Ally,Piper,allywally@comcast.net,,,,,,,,,,,0,,,"2013-05-16 14:44:13",SurviveDC
Matt,Boulton,boultonm@dickinson.edu,,,,,,,,,,,0,,,"2013-05-16 14:46:17",SurviveDC
Susy,Beltz,susannah.beltz@gmail.com,,,,,,,,,,,0,,,"2013-05-16 21:31:35",SurviveDC
Pete,Godbey,godbeyp80@hotmail.com,,,,,,,,,,,0,,,"2013-05-17 09:41:56",SurviveDC
Naomi,Folta,naomi.marika@yahoo.com,,,,,,,,,,,0,,,"2013-05-17 12:09:46",SurviveDC
Derek,Stevens,boushwa@att.net,,,,,,,,,,,0,,,"2013-05-17 14:22:27",SurviveDC
Sloan,dolan,salsa757@gmail.com,,,,,,,,,,,0,,,"2013-05-17 15:13:39",SurviveDC
Dylan,Taira,g2stepsahead@gmail.com,,,,,,,,,,,0,,,"2013-05-17 15:29:08",SurviveDC
MU,MU,1337495@gmail.com,,,,,,,,,,,0,,,"2013-05-17 16:00:19",SurviveDC
Dolapo,Demuren,dolapo11ss@yahoo.com,,,,,,,,,,,0,,,"2013-05-17 17:52:35",SurviveDC
Nick,Robbins,nickrobbins24@gmail.com,,,,,,,,,,,0,,,"2013-05-17 19:12:23",SurviveDC
Nick,Chin,nick.thompson@tricresthomes.com,,,,,,,,,,,0,,,"2013-05-18 00:58:20",SurviveDC
Marcus,Mendez,marcusrmendez@hotmail.com,,,,,,,,,,,0,,,"2013-05-18 10:19:00",SurviveDC
Danny,Marts,dannycmarts@yahoo.com,,,,,,,,,,,0,,,"2013-05-18 10:43:44",SurviveDC
James,Thomas,james13_1992@yahoo.com,,,,,,,,,,,0,,,"2013-05-18 15:49:09",SurviveDC
Henry,Liu,henryl1993@hotmail.com,,,,,,,,,,,0,,,"2013-05-18 16:08:43",SurviveDC
Sadaf,Siddiqui,s_siddiqui37@yahoo.com,,,,,,,,,,,0,,,"2013-05-18 17:45:30",SurviveDC
Mallorie,Smith,mallorie.e.smith@gmail.com,,,,,,,,,,,0,,,"2013-05-18 18:37:13",SurviveDC
McKenzie,James,mj1135a@american.edu,,,,,,,,,,,0,,,"2013-05-18 19:04:38",SurviveDC
Francis,Iriarte,iriartefrancis@hotmail.com,,,,,,,,,,,0,,,"2013-05-18 20:11:21",SurviveDC
Augusto,Paredes,aparedes0986@gmail.com,,,,,,,,,,,0,,,"2013-05-18 22:06:53",SurviveDC
Shane,Smith,sps66@georgetown.edu,,,,,,,,,,,0,,,"2013-05-18 22:09:53",SurviveDC
Carlton,Purvis,c.anderson.purvis@gmail.com,,,,,,,,,,,0,,,"2013-05-19 02:15:33",SurviveDC
Noah,Correa,walcottalexandra@yahoo.com,,,,,,,,,,,0,,,"2013-05-19 13:23:35",SurviveDC
Thaovy,Van,thaovy.j.van@gmail.com,,,,,,,,,,,0,,,"2013-05-19 13:29:37",SurviveDC
Evan,Davis,evanedavis@gmail.com,,,,,,,,,,,0,,,"2013-05-19 15:05:20",SurviveDC
Aanan,Patel,aanan.patel@outlook.com,,,,,,,,,,,0,,,"2013-05-19 16:19:40",SurviveDC
Calvin,Nguyen,calvin123@gmail.com,,,,,,,,,,,0,,,"2013-05-19 18:26:10",SurviveDC
Meg,Dzeng,pandacraze34@gmail.com,,,,,,,,,,,0,,,"2013-05-19 18:49:04",SurviveDC
Jimmy,Pritts,jrpritts@gmail.com,,,,,,,,,,,0,,,"2013-05-19 19:13:32",SurviveDC
Devon,Nelson,devon8263@gmail.com,,,,,,,,,,,0,,,"2013-05-19 20:32:16",SurviveDC
Austin,Short,ashortyr13@hotmail.com,,,,,,,,,,,0,,,"2013-05-19 20:42:42",SurviveDC
Brian,O'Keefe,bmokeefe@uncg.edu,,,,,,,,,,,0,,,"2013-05-19 22:58:22",SurviveDC
Tommy,White,tommypwhite@gmail.com,,,,,,,,,,,0,,,"2013-05-20 02:38:04",SurviveDC
Sam,Ryan,ryansam15@yahoo.com,,,,,,,,,,,0,,,"2013-05-20 07:00:50",SurviveDC
Dan,Miller,danmillerlists@yahoo.com,,,,,,,,,,,0,,,"2013-05-20 08:51:57",SurviveDC
Amit,Mehta,mehtamantoday@gmail.com,,,,,,,,,,,0,,,"2013-05-20 08:59:27",SurviveDC
Liz,Patrone,emp04029@gmail.com,,,,,,,,,,,0,,,"2013-05-20 09:03:17",SurviveDC
Seth,Tanner,stanner202@gmail.com,,,,,,,,,,,0,,,"2013-05-20 09:49:14",SurviveDC
Andrea,Castillo,castilloandy13@yahoo.com,,,,,,,,,,,0,,,"2013-05-20 09:52:12",SurviveDC
Maryam,Saqib,maryamsaqib95@yahoo.com,,,,,,,,,,,0,,,"2013-05-20 09:53:22",SurviveDC
Nathan,Boisvert,nathanielboisvert@gmail.com,,,,,,,,,,,0,,,"2013-05-20 10:29:55",SurviveDC
Robert,Libby,rslibby@gmail.com,,,,,,,,,,,0,,,"2013-05-20 10:35:17",SurviveDC
George,Melo,george.melo1995@gmail.com,,,,,,,,,,,0,,,"2013-05-20 11:05:55",SurviveDC
Chris,Campbell,chriscampbell9179@live.com,,,,,,,,,,,0,,,"2013-05-20 11:07:14",SurviveDC
Derrick,Greene,planbsponserme@gmail.com,,,,,,,,,,,0,,,"2013-05-20 11:07:33",SurviveDC
Loki,Liesmith,bhsudbrink@smcm.edu,,,,,,,,,,,0,,,"2013-05-20 11:28:03",SurviveDC
Roderick,Bautista,roderick.bautista@gmail.com,,,,,,,,,,,0,,,"2013-05-20 11:48:18",SurviveDC
Charles,Zhuang,ilvaldi@yahoo.com,,,,,,,,,,,0,,,"2013-05-20 11:51:35",SurviveDC
Jermaine,Ashman,jermaineashman86@gmail.com,,,,,,,,,,,0,,,"2013-05-20 12:16:36",SurviveDC
Daivon,Brown,daivon23@gmail.com,,,,,,,,,,,0,,,"2013-05-20 12:39:29",SurviveDC
Misha,Davies,mishiya@gmail.com,,,,,,,,,,,0,,,"2013-05-20 13:03:17",SurviveDC
Jenny,Bogdanski,jennybogdanski@gmail.com,,,,,,,,,,,0,,,"2013-05-20 13:20:46",SurviveDC
Lindsey,Alvis,lalvis01@gmail.com,,,,,,,,,,,0,,,"2013-05-20 13:26:04",SurviveDC
Lamar,Alayoubi,lamaralayoubi@gmail.com,,,,,,,,,,,0,,,"2013-05-20 13:33:25",SurviveDC
Aaron,Guffey,eaguffey@smcm.edu,,,,,,,,,,,0,,,"2013-05-20 13:34:05",SurviveDC
Steve,Goetz,hailtodavictors@gmail.com,,,,,,,,,,,0,,,"2013-05-20 13:35:10",SurviveDC
Tommy,Li,litommy95@gmail.com,,,,,,,,,,,0,,,"2013-05-20 13:51:28",SurviveDC
kevin,silva,silvakevin13@yahoo.com,,,,,,,,,,,0,,,"2013-05-20 14:23:46",SurviveDC
Linda,Wu,linda_33145@hotmail.com,,,,,,,,,,,0,,,"2013-05-20 14:25:37",SurviveDC
Montri,Nuchnang,montri@thaiice.com,,,,,,,,,,,0,,,"2013-05-20 14:52:44",SurviveDC
John,Nguyen,long_n_shorts@yahoo.com,,,,,,,,,,,0,,,"2013-05-20 14:57:35",SurviveDC
Annie,Kozak,anniekozak1@gmail.com,,,,,,,,,,,0,,,"2013-05-20 15:00:34",SurviveDC
Mark,Tucker,mark_tucker04@hotmail.com,,,,,,,,,,,0,,,"2013-05-20 15:01:44",SurviveDC
Daniella,Bustillos,daniellabustillos@gmail.com,,,,,,,,,,,0,,,"2013-05-20 15:44:29",SurviveDC
Steve,Knievel,steven.knievel@gmail.com,,,,,,,,,,,0,,,"2013-05-20 15:51:25",SurviveDC
Eric,Nguyen,enguyen@breadandbullets.com,,,,,,,,,,,0,,,"2013-05-20 16:07:18",SurviveDC
Meredith,Hale,meredith.hale@gmail.com,,,,,,,,,,,0,,,"2013-05-20 16:13:23",SurviveDC
Steve,Bartomioli,sbartom1@gmail.com,,,,,,,,,,,0,,,"2013-05-20 16:26:15",SurviveDC
Kevin,White,kevinwb.94@gmail.com,,,,,,,,,,,0,,,"2013-05-20 16:28:25",SurviveDC
Brett,Kerns,bkkerns1@gmail.com,,,,,,,,,,,0,,,"2013-05-20 16:58:08",SurviveDC
paul,parzynski,blasternot@gmail.com,,,,,,,,,,,0,,,"2013-05-20 17:00:04",SurviveDC
Janine,Taira,janinetaira@aol.com,,,,,,,,,,,0,,,"2013-05-20 17:11:19",SurviveDC
Andrew,Goczkowski,andrew.goczkowski@gmail.com,,,,,,,,,,,0,,,"2013-05-20 17:42:42",SurviveDC
Anouruck,Mathapha,rmathapha@gmail.com,,,,,,,,,,,0,,,"2013-05-20 18:41:44",SurviveDC
Gregory,Jackson,gjack419@gmail.com,,,,,,,,,,,0,,,"2013-05-20 19:33:30",SurviveDC
Allen,Hall,allen.hall96@gmail.com,,,,,,,,,,,0,,,"2013-05-20 19:36:09",SurviveDC
Mustafa,Elrayah,mustafa_elrayah@yahoo.com,,,,,,,,,,,0,,,"2013-05-20 19:37:54",SurviveDC
Mimi,Lee,leemimi123@gmail.com,,,,,,,,,,,0,,,"2013-05-20 19:50:10",SurviveDC
Tony,Nguyen,tony.nguyen.81@gmail.com,,,,,,,,,,,0,,,"2013-05-20 20:12:46",SurviveDC
Elizabeth,Lee,eclee25@gmail.com,,,,,,,,,,,0,,,"2013-05-20 20:37:25",SurviveDC
Ami,Smerling,asmerling30@gmail.com,,,,,,,,,,,0,,,"2013-05-20 20:38:15",SurviveDC
Jai,Singletary,j.singletary9@yahoo.com,,,,,,,,,,,0,,,"2013-05-20 20:38:27",SurviveDC
Eric,Scarlett,ericscarlett14@gmail.com,,,,,,,,,,,0,,,"2013-05-20 21:26:04",SurviveDC
Frida,Kahlo,12345clap@gmail.com,,,,,,,,,,,0,,,"2013-05-20 21:29:01",SurviveDC
Lemine,Cheikh,lemine96@gmail.com,,,,,,,,,,,0,,,"2013-05-20 21:42:01",SurviveDC
Christopher,Feaster,cfeahstster@gmail.com,,,,,,,,,,,0,,,"2013-05-20 21:48:35",SurviveDC
Geoffrey,Acton,geoffreyacton@gmail.com,,,,,,,,,,,0,,,"2013-05-20 21:57:22",SurviveDC
Louis,Josey,louis.josey@gmail.com,,,,,,,,,,,0,,,"2013-05-20 22:02:42",SurviveDC
Greg,Sohma,xthangel_08@yahoo.com,,,,,,,,,,,0,,,"2013-05-20 22:04:27",SurviveDC
luluh,alrashoudi,lulu_2.91@hotmail.com,,,,,,,,,,,0,,,"2013-05-20 22:19:19",SurviveDC
Tracy,Johnston,tcampj@aol.com,,,,,,,,,,,0,,,"2013-05-20 22:21:57",SurviveDC
nouf,alharbi,alharbi.nouf@gmail.com,,,,,,,,,,,0,,,"2013-05-20 22:23:06",SurviveDC
Dave,Wong,dave.lacrosse@yahoo.com,,,,,,,,,,,0,,,"2013-05-20 22:25:58",SurviveDC
haboobeker,naimee,haboonaimee@gmail.com,,,,,,,,,,,0,,,"2013-05-20 23:36:01",SurviveDC
Riley,Vogel,rileyjosephvogel@yahoo.com,,,,,,,,,,,0,,,"2013-05-20 23:56:17",SurviveDC
Jeremy,Howard,elcam1985@yahoo.com,,,,,,,,,,,0,,,"2013-05-21 00:04:16",SurviveDC
Tammie,Harrison,tammiepearls@gmail.com,,,,,,,,,,,0,,,"2013-05-21 00:19:21",SurviveDC
Haziq,Ghani,haziq.ghani@gmail.com,,,,,,,,,,,0,,,"2013-05-21 01:17:36",SurviveDC
Jorge,Valencia,jorgethebeast@gmail.com,,,,,,,,,,,0,,,"2013-05-21 02:25:24",SurviveDC
Henry,Perla,h.perla007@gmail.com,,,,,,,,,,,0,,,"2013-05-21 08:26:34",SurviveDC
Kyle,Miller,kmiller1190@yahoo.com,,,,,,,,,,,0,,,"2013-05-21 09:30:28",SurviveDC
PETER,AQUINO,peter.aquino2@gmail.com,,,,,,,,,,,0,,,"2013-05-21 10:27:25",SurviveDC
Aaron,Loughlin,aaronloughlin@gmail.com,,,,,,,,,,,0,,,"2013-05-21 10:28:35",SurviveDC
Jesus,Lopez,mexicanito14@gmail.com,,,,,,,,,,,0,,,"2013-05-21 11:28:41",SurviveDC
nouman,arif,nommy.arif@gmail.com,,,,,,,,,,,0,,,"2013-05-21 11:29:17",SurviveDC
Andrew,Nguyen,annguye1@gmail.com,,,,,,,,,,,0,,,"2013-05-21 11:55:29",SurviveDC
Anna,Mahalak,ammahalak@gmail.com,,,,,,,,,,,0,,,"2013-05-21 12:03:48",SurviveDC
Sibhat,Hagos,hagos.sibhat@gmail.com,,,,,,,,,,,0,,,"2013-05-21 12:04:03",SurviveDC
Miranda,Wylie,dearamsterdam@gmail.com,,,,,,,,,,,0,,,"2013-05-21 12:16:17",SurviveDC
Zekarius,Demissew,business_man_23@hotmail.com,,,,,,,,,,,0,,,"2013-05-21 12:19:15",SurviveDC
Karl,Lewis,karllewis41@gmail.com,,,,,,,,,,,0,,,"2013-05-21 13:20:47",SurviveDC
Jessica,Bulmann,jessicabulmann@gmail.com,,,,,,,,,,,0,,,"2013-05-21 13:56:04",SurviveDC
Jayna,Johns,johnsj12@mail.wlu.edu,,,,,,,,,,,0,,,"2013-05-21 14:13:52",SurviveDC
Matthew,Tobin,matt.j.tobin@gmail.com,,,,,,,,,,,0,,,"2013-05-21 14:25:21",SurviveDC
Rebecca,Stewart,beccasstewart@gmail.com,,,,,,,,,,,0,,,"2013-05-21 14:27:36",SurviveDC
Daniel22,Jackson,crazed_boy0622@hotmail.com,,,,,,,,,,,0,,,"2013-05-21 14:33:24",SurviveDC
Jeff,Coppola,heisthefastest@gmail.com,,,,,,,,,,,0,,,"2013-05-21 15:05:48",SurviveDC
Mycalles,Holt,lilcallex@gmail.com,,,,,,,,,,,0,,,"2013-05-21 16:23:26",SurviveDC
chip,messick,buddyrockinro@hotmail.com,,,,,,,,,,,0,,,"2013-05-21 16:24:40",SurviveDC
Robert,Sale,bertsale@gmail.com,,,,,,,,,,,0,,,"2013-05-21 16:45:19",SurviveDC
Daniel,Sabastian,daniel.sabastian@live.com,,,,,,,,,,,0,,,"2013-05-21 17:43:44",SurviveDC
Amy,Osterman,kekeaimz@gmail.com,,,,,,,,,,,0,,,"2013-05-21 17:53:52",SurviveDC
Christopher,Regal,christopher.regal@gmail.com,,,,,,,,,,,0,,,"2013-05-21 17:57:56",SurviveDC
Qing,Dong,domkkomen@gmail.com,,,,,,,,,,,0,,,"2013-05-21 19:18:41",SurviveDC
Alejandro,Rodriguez,alex13.1995@hotmail.com,,,,,,,,,,,0,,,"2013-05-21 19:22:21",SurviveDC
Clara,Tello,marcialuna2013@yahoo.com,,,,,,,,,,,0,,,"2013-05-21 19:30:49",SurviveDC
Luke,Gardner,lgardner22@gmail.com,,,,,,,,,,,0,,,"2013-05-21 20:02:45",SurviveDC
Chauncey,Robinson,chauncey.h.robinson@gmail.com,,,,,,,,,,,0,,,"2013-05-21 20:18:08",SurviveDC
Armando,Amaya,amayafrancisco001@gmail.com,,,,,,,,,,,0,,,"2013-05-21 20:38:31",SurviveDC
Aubrey,Wahl,aawahl@gmail.com,,,,,,,,,,,0,,,"2013-05-21 20:54:26",SurviveDC
Evan,Judge,judge.evan@yahoo.com,,,,,,,,,,,0,,,"2013-05-21 21:07:13",SurviveDC
Diego,Wahl,diegowahl@gmail.com,,,,,,,,,,,0,,,"2013-05-21 21:08:08",SurviveDC
Michael,Williams,mlkeman62@yahoo.com,,,,,,,,,,,0,,,"2013-05-21 22:09:20",SurviveDC
Darius,Dawkins,ddawkins202@gmail.com,,,,,,,,,,,0,,,"2013-05-21 22:13:39",SurviveDC
alex,huff,alexhuff13@yahoo.com,,,,,,,,,,,0,,,"2013-05-21 22:14:29",SurviveDC
Damany,Gordon,dadondada09@yahoo.com,,,,,,,,,,,0,,,"2013-05-21 22:21:28",SurviveDC
Ben,Weinstein,bensweinstein@gmail.com,,,,,,,,,,,0,,,"2013-05-21 22:42:58",SurviveDC
Katie,Gan,gan.katie@gmail.com,,,,,,,,,,,0,,,"2013-05-21 22:55:51",SurviveDC
Zach,Francis,zachtfrancis@gmail.com,,,,,,,,,,,0,,,"2013-05-21 23:08:34",SurviveDC
Marvida,Watson,marvidaw@gmail.com,,,,,,,,,,,0,,,"2013-05-21 23:31:41",SurviveDC
Phillip,Lake,phillip.lake90@gmail.com,,,,,,,,,,,0,,,"2013-05-21 23:41:12",SurviveDC
Darius,Samsingh,bassdarius@gmail.com,,,,,,,,,,,0,,,"2013-05-22 00:28:49",SurviveDC
Mohammad,Ahmad,mohammadahmad@outlook.com,,,,,,,,,,,0,,,"2013-05-22 00:29:52",SurviveDC
michelle,shipp,michellejshipp@gmail.com,,,,,,,,,,,0,,,"2013-05-22 06:10:02",SurviveDC
shaun,flynn,shaun.flynn2@gmail.com,,,,,,,,,,,0,,,"2013-05-22 07:46:09",SurviveDC
Steve,Jia,hj320809@ohio.edu,,,,,,,,,,,0,,,"2013-05-22 08:44:05",SurviveDC
John,Burton,johnmichael.burton@gmail.com,,,,,,,,,,,0,,,"2013-05-22 09:04:03",SurviveDC
Luis,Hernandez,hernandezluis90@me.com,,,,,,,,,,,0,,,"2013-05-22 09:07:42",SurviveDC
Evan,Underwood,evanu185@gmail.com,,,,,,,,,,,0,,,"2013-05-22 09:10:20",SurviveDC
Adam,Norlander,anorland@gmail.com,,,,,,,,,,,0,,,"2013-05-22 09:56:31",SurviveDC
Erin,McBride,rmcbride7349@gmail.com,,,,,,,,,,,0,,,"2013-05-22 10:12:15",SurviveDC
Wyatt,SSmith,smithwc2@vcu.edu,,,,,,,,,,,0,,,"2013-05-22 10:22:46",SurviveDC
Kenneth,Trinh,trinh.kenneth@gmail.com,,,,,,,,,,,0,,,"2013-05-22 10:24:58",SurviveDC
Antonio,Gibbs,gibbstony35@yahoo.com,,,,,,,,,,,0,,,"2013-05-22 10:45:22",SurviveDC
Amit,Vij,godfriendlyamit@yahoo.com,,,,,,,,,,,0,,,"2013-05-22 10:46:01",SurviveDC
Talib,Dicks,jamildicks@gmail.com,,,,,,,,,,,0,,,"2013-05-22 10:59:47",SurviveDC
Katherine,Henderson,a_kt49@hotmail.com,,,,,,,,,,,0,,,"2013-05-22 11:09:38",SurviveDC
Andromeda,Huffman,huffman.al@gmail.com,,,,,,,,,,,0,,,"2013-05-22 11:12:43",SurviveDC
Gabriel,Marty,murasane@hotmail.com,,,,,,,,,,,0,,,"2013-05-22 11:14:20",SurviveDC
Luis,Martinez,lalito_martinez@hotmail.com,,,,,,,,,,,0,,,"2013-05-22 11:15:35",SurviveDC
Camron,Lee,camronlee209@gmail.com,,,,,,,,,,,0,,,"2013-05-22 11:25:16",SurviveDC
Alex,Krizan,ajkrizan@gmail.com,,,,,,,,,,,0,,,"2013-05-22 12:38:00",SurviveDC
Jose,Barahona,pepito7413@aol.com,,,,,,,,,,,0,,,"2013-05-22 12:45:40",SurviveDC
Scotty,Matthewman,smatthewman11@yahoo.com,,,,,,,,,,,0,,,"2013-05-22 13:20:16",SurviveDC
Amy,Damsker,amydamsker@gmail.com,,,,,,,,,,,0,,,"2013-05-22 13:52:08",SurviveDC
Scotty,Matthewman,smattewman11@yahoo.com,,,,,,,,,,,0,,,"2013-05-22 13:57:28",SurviveDC
Tina,Trinh,trinhtd@vcu.edu,,,,,,,,,,,0,,,"2013-05-22 14:12:15",SurviveDC
Jordan,Greene,jg2070a@american.edu,,,,,,,,,,,0,,,"2013-05-22 14:26:35",SurviveDC
Jon,Achtenhagen,actogon729@gmail.com,,,,,,,,,,,0,,,"2013-05-22 14:37:47",SurviveDC
Rafael,Galvan,rgalvan88@icloud.com,,,,,,,,,,,0,,,"2013-05-22 14:47:33",SurviveDC
Monica,Ajinkya,majinkya@gmail.com,,,,,,,,,,,0,,,"2013-05-22 15:04:14",SurviveDC
jon,tapia,lool@gmail.com,,,,,,,,,,,0,,,"2013-05-22 15:04:28",SurviveDC
Melodie,DeMulling,frodieo@msn.com,,,,,,,,,,,0,,,"2013-05-22 15:07:33",SurviveDC
Jessica,Snyder,jsnyder95@me.com,,,,,,,,,,,0,,,"2013-05-22 15:15:42",SurviveDC
Melissa,Frick,melissa.a.frick@gmail.com,,,,,,,,,,,0,,,"2013-05-22 15:19:04",SurviveDC
Catherine,Stover,catherinelynee@hotmail.com,,,,,,,,,,,0,,,"2013-05-22 15:27:55",SurviveDC
Stephanie,Jamison,stephaniebjamison@gmail.com,,,,,,,,,,,0,,,"2013-05-22 15:31:26",SurviveDC
Paul,Lagoy,plagoy@hotmail.com,,,,,,,,,,,0,,,"2013-05-22 15:39:46",SurviveDC
marquesse,favors,marquessef@yahoo.com,,,,,,,,,,,0,,,"2013-05-22 15:39:56",SurviveDC
Erik,Ruselowski,rizzo1581@yahoo.com,,,,,,,,,,,0,,,"2013-05-22 15:43:08",SurviveDC
Laura,Rodgers,l.h.rodgers2@gmail.com,,,,,,,,,,,0,,,"2013-05-22 15:48:06",SurviveDC
Mark,Steidler,mark.steidler@gmail.com,,,,,,,,,,,0,,,"2013-05-22 15:53:43",SurviveDC
James,Marcus,jmarcus@gmail.com,,,,,,,,,,,0,,,"2013-05-22 16:01:50",SurviveDC
Alexander,Lee,al9330a@student.american.edu,,,,,,,,,,,0,,,"2013-05-22 16:19:08",SurviveDC
Caroline,Hanson,carolinescott88@gmail.com,,,,,,,,,,,0,,,"2013-05-22 16:26:14",SurviveDC
Andrew,Cunningham,ascunn@gmail.com,,,,,,,,,,,0,,,"2013-05-22 16:30:32",SurviveDC
Cathy,Cavander,cathycavander@gmail.com,,,,,,,,,,,0,,,"2013-05-22 16:34:53",SurviveDC
J.T.,Kohrs,john.kohrs@parr-global.com,,,,,,,,,,,0,,,"2013-05-22 16:42:26",SurviveDC
Carlos,paz,paz.carlito97@gmail.com,,,,,,,,,,,0,,,"2013-05-22 16:47:08",SurviveDC
Cosette,Wong,cosette.wong.duke@gmail.com,,,,,,,,,,,0,,,"2013-05-22 17:17:59",SurviveDC
Amanda,Palmer,apalmerr013@gmail.com,,,,,,,,,,,0,,,"2013-05-22 17:23:28",SurviveDC
Carolyn,Ho,trinket89@gmail.com,,,,,,,,,,,0,,,"2013-05-22 17:27:23",SurviveDC
Denton,Baird,matrixclown@gmail.com,,,,,,,,,,,0,,,"2013-05-22 17:28:15",SurviveDC
Melissa,Fett,melissa.fett@gmail.com,,,,,,,,,,,0,,,"2013-05-22 17:30:57",SurviveDC
Nicholas,Salerno,nmsalerno@gmail.com,,,,,,,,,,,0,,,"2013-05-22 17:31:29",SurviveDC
Johnny,Malloy,johnny.buckles.malloy@gmail.com,,,,,,,,,,,0,,,"2013-05-22 17:47:59",SurviveDC
Jacob,Motz,jwmotz@gmail.com,,,,,,,,,,,0,,,"2013-05-22 18:26:52",SurviveDC
David,Gaston,dgaston@gmail.com,,,,,,,,,,,0,,,"2013-05-22 18:34:03",SurviveDC
Lara,Reid,lreid@fhsmail.org,,,,,,,,,,,0,,,"2013-05-22 18:44:52",SurviveDC
Genevieve,McGahey,genevieve.mcgahey@gmail.com,,,,,,,,,,,0,,,"2013-05-22 18:46:02",SurviveDC
Candace,Brown,callisonbrown@gmail.com,,,,,,,,,,,0,,,"2013-05-22 19:37:36",SurviveDC
Rj,Thorne,rjthirne131@yahoo.com,,,,,,,,,,,0,,,"2013-05-22 20:16:47",SurviveDC
Michael,Klein,rog.marx@gmail.com,,,,,,,,,,,0,,,"2013-05-22 20:31:35",SurviveDC
Michael,Dudinsky,dudinskym@yahoo.com,,,,,,,,,,,0,,,"2013-05-22 20:34:00",SurviveDC
Rory,Coffin,hockey.star@cox.net,,,,,,,,,,,0,,,"2013-05-22 20:43:56",SurviveDC
alex,truong,alex.ryuu@gmail.com,,,,,,,,,,,0,,,"2013-05-22 21:10:26",SurviveDC
Eiquan,Ghani,eiquan.ghani@gmail.com,,,,,,,,,,,0,,,"2013-05-22 21:11:42",SurviveDC
Mike,Cuellar,grundish@gmail.com,,,,,,,,,,,0,,,"2013-05-22 21:24:59",SurviveDC
Kevin,Vermeesch,keesch2525@hotmail.com,,,,,,,,,,,0,,,"2013-05-22 21:42:15",SurviveDC
Tom,Glazer,tom.glazer@gmail.com,,,,,,,,,,,0,,,"2013-05-22 21:43:50",SurviveDC
victor,linares,victorlinares21@hotmail.com,,,,,,,,,,,0,,,"2013-05-22 21:46:48",SurviveDC
Rahima,Schwenkbeck,rahima@gwu.edu,,,,,,,,,,,0,,,"2013-05-22 21:49:51",SurviveDC
Abe,Langseth,ajlangseth@gmail.com,,,,,,,,,,,0,,,"2013-05-22 21:57:51",SurviveDC
Camille,Clancy,cmclancy@uvm.edu,,,,,,,,,,,0,,,"2013-05-22 22:02:20",SurviveDC
Lynnie,Martin,travelernlm@yahoo.com,,,,,,,,,,,0,,,"2013-05-22 22:17:22",SurviveDC
Marc,Godsted,mgodsted@gmail.com,,,,,,,,,,,0,,,"2013-05-22 22:27:46",SurviveDC
Kissdomie,Hu,hunnybunny183@gmail.com,,,,,,,,,,,0,,,"2013-05-22 22:32:43",SurviveDC
Bruna,Distinto,brunacheese@gmail.com,,,,,,,,,,,0,,,"2013-05-22 22:37:49",SurviveDC
Chuck,Yu,charles.yu4@gmail.com,,,,,,,,,,,0,,,"2013-05-22 22:41:38",SurviveDC
Matt,Tixier,matthew.tixier@gmail.com,,,,,,,,,,,0,,,"2013-05-22 22:52:48",SurviveDC
Luke,Natzke,lukenatzke@yahoo.com,,,,,,,,,,,0,,,"2013-05-22 22:56:19",SurviveDC
Madison,Thammavong,madthamm@yahoo.com,,,,,,,,,,,0,,,"2013-05-22 23:09:15",SurviveDC
Alex,Morales-Sanz,neighborms@gmail.com,,,,,,,,,,,0,,,"2013-05-22 23:26:46",SurviveDC
Sasha,Lariiciuc,slariiciuc@yahoo.com,,,,,,,,,,,0,,,"2013-05-22 23:31:03",SurviveDC
Sheveir,Ross,shev90@yahoo.com,,,,,,,,,,,0,,,"2013-05-22 23:48:05",SurviveDC
Charlie,Boulton,cboulton34@gmail.com,,,,,,,,,,,0,,,"2013-05-23 07:07:47",SurviveDC
Paul,Donald,paulx8923@verizon.net,,,,,,,,,,,0,,,"2013-05-23 07:24:48",SurviveDC
Leslie,Spellen,lspellen@gmail.com,,,,,,,,,,,0,,,"2013-05-23 08:35:04",SurviveDC
jordan,coneys,jordanconeys@gmail.com,,,,,,,,,,,0,,,"2013-05-23 09:31:12",SurviveDC
jesse,ghorbani,jesseghorbani@hotmail.com,,,,,,,,,,,0,,,"2013-05-23 09:31:55",SurviveDC
Tsolmon,Batsukh,tsolmon_8@yahoo.com,,,,,,,,,,,0,,,"2013-05-23 09:39:36",SurviveDC
jose,Nguyen,jos3.villarrro3l@gmail.com,,,,,,,,,,,0,,,"2013-05-23 09:41:53",SurviveDC
isaac,cruz,isaaccruz@gmail.com,,,,,,,,,,,0,,,"2013-05-23 09:42:33",SurviveDC
Grecia,"Balboa Seas",bseasg@gmail.com,,,,,,,,,,,0,,,"2013-05-23 10:03:21",SurviveDC
Glen,Donovan,glengineer@gmail.com,,,,,,,,,,,0,,,"2013-05-23 10:10:14",SurviveDC
erica,penttila,penttilatron@gmail.com,,,,,,,,,,,0,,,"2013-05-23 11:11:24",SurviveDC
Yisol,Yanez,yisoly@yahoo.com,,,,,,,,,,,0,,,"2013-05-23 11:15:48",SurviveDC
Dane,Penttila,dane.penttila@gmail.com,,,,,,,,,,,0,,,"2013-05-23 11:27:36",SurviveDC
Anthony,Belotto,anthonyjbelotto@gmail.com,,,,,,,,,,,0,,,"2013-05-23 11:29:27",SurviveDC
Alec,Gilliam,ajgilliam@cox.net,,,,,,,,,,,0,,,"2013-05-23 11:40:42",SurviveDC
Heather,West,heatherewest@gmail.com,,,,,,,,,,,0,,,"2013-05-23 11:41:48",SurviveDC
John,Phillips,johnphillips.687@gmail.com,,,,,,,,,,,0,,,"2013-05-23 11:46:25",SurviveDC
liz,pratt,liz.pratt.nickisch@gmail.com,,,,,,,,,,,0,,,"2013-05-23 11:51:41",SurviveDC
Obaid,AlBudoor,3baidoo@gmail.com,,,,,,,,,,,0,,,"2013-05-23 11:54:12",SurviveDC
Lauren,Medeiros,lmedeiros23@gmail.com,,,,,,,,,,,0,,,"2013-05-23 12:07:51",SurviveDC
Seth,Green,setgree@gmail.com,,,,,,,,,,,0,,,"2013-05-23 12:22:12",SurviveDC
Kiger,Sigh,sighkl@gmail.com,,,,,,,,,,,0,,,"2013-05-23 12:26:29",SurviveDC
Jack,Nguyen,jack.nguyen45@gmail.com,,,,,,,,,,,0,,,"2013-05-23 12:44:35",SurviveDC
Zachary,Basanese,zach.basanese@gmail.com,,,,,,,,,,,0,,,"2013-05-23 12:56:21",SurviveDC
Rohan,Makle,rmakle@me.com,,,,,,,,,,,0,,,"2013-05-23 12:57:39",SurviveDC
Emily,Prigg,vineyardboy@comcast.net,,,,,,,,,,,0,,,"2013-05-23 13:00:08",SurviveDC
Kevin,Coates,dragon23_3@hotmail.com,,,,,,,,,,,0,,,"2013-05-23 13:02:21",SurviveDC
Natalia,Restrepo,nati_restrepo@hotmail.com,,,,,,,,,,,0,,,"2013-05-23 13:37:20",SurviveDC
Danton,Noriega-Goodwin,danton.noriega@gmail.com,,,,,,,,,,,0,,,"2013-05-23 13:41:55",SurviveDC
John,Pipkins,johnp_385@yahoo.com,,,,,,,,,,,0,,,"2013-05-23 13:49:55",SurviveDC
Srikanth,Tondukulam,sriknitt@gmail.com,,,,,,,,,,,0,,,"2013-05-23 14:02:55",SurviveDC
Mario,Arthur-Bentil,m.arthurbentil@gmail.com,,,,,,,,,,,0,,,"2013-05-23 14:24:25",SurviveDC
Bryan,Trejo-Morales,bryann24@gmail.com,,,,,,,,,,,0,,,"2013-05-23 14:56:28",SurviveDC
Alexander,Moses,alexandermoses@zoho.com,,,,,,,,,,,0,,,"2013-05-23 14:58:18",SurviveDC
Rebecca,Matey,rebeccamatey@gmail.com,,,,,,,,,,,0,,,"2013-05-23 15:10:37",SurviveDC
Russell,Youmans,russell.youmans@gmail.com,,,,,,,,,,,0,,,"2013-05-23 15:12:38",SurviveDC
Michael,Barnette,barnettemike@hotmail.com,,,,,,,,,,,0,,,"2013-05-23 15:19:34",SurviveDC
Sammy,Ndiyo,sndiyo@gmail.com,,,,,,,,,,,0,,,"2013-05-23 15:31:02",SurviveDC
Allan,Friedman,allan.friedman@gmail.com,,,,,,,,,,,0,,,"2013-05-23 15:31:16",SurviveDC
Khaliun,Amarburen,khaliunamarburen@yahoo.com,,,,,,,,,,,0,,,"2013-05-23 15:37:24",SurviveDC
Jonathan,Newton,jonathan.e.newton@gmail.com,,,,,,,,,,,0,,,"2013-05-23 15:50:14",SurviveDC
Amy,Campbell,campbell.amy@hotmail.co.uk,,,,,,,,,,,0,,,"2013-05-23 16:05:45",SurviveDC
Delia,Sudler,dsudler2010@yahoo.com,,,,,,,,,,,0,,,"2013-05-23 16:06:09",SurviveDC
Thea,Bender,theabender4@gmail.com,,,,,,,,,,,0,,,"2013-05-23 16:09:12",SurviveDC
Marcela,Bustillos,marcelabustillos@hotmail.com,,,,,,,,,,,0,,,"2013-05-23 16:11:50",SurviveDC
Amal,Jones,amal.jones5@yahoo.com,,,,,,,,,,,0,,,"2013-05-23 16:24:32",SurviveDC
Clarise,McCants,clarise.c.mccants@gmail.com,,,,,,,,,,,0,,,"2013-05-23 16:29:57",SurviveDC
Jojo,Zhao,jojozhao726@gmail.com,,,,,,,,,,,0,,,"2013-05-23 16:37:37",SurviveDC
Melissa,Macaya,melimacaya@gmail.com,,,,,,,,,,,0,,,"2013-05-23 16:40:36",SurviveDC
Brandon,Anderson,bda30@georgetown.edu,,,,,,,,,,,0,,,"2013-05-23 16:45:08",SurviveDC
Sarah,Barrientos,pgbmg@hotmail.com,,,,,,,,,,,0,,,"2013-05-23 17:24:56",SurviveDC
David,Lakey,lakeydl@gmail.com,,,,,,,,,,,0,,,"2013-05-23 17:37:21",SurviveDC
"Adam S.",Chase,adam.s.chase@maine.edu,,,,,,,,,,,0,,,"2013-05-23 17:38:08",SurviveDC
Cedric,Myers,youngfresh03@yahoo.com,,,,,,,,,,,0,,,"2013-05-23 17:51:23",SurviveDC
Brandon,Grageda,grageda65@gmail.com,,,,,,,,,,,0,,,"2013-05-23 18:21:11",SurviveDC
Michael,Epps,suttonkristen22@hotmail.com,,,,,,,,,,,0,,,"2013-05-23 18:31:55",SurviveDC
mike,truong,truong4100@gmail.com,,,,,,,,,,,0,,,"2013-05-23 18:56:42",SurviveDC
Ali,Plutnicki,aliplutnicki@gmail.com,,,,,,,,,,,0,,,"2013-05-23 18:58:02",SurviveDC
Dominik,Colley,dominikcolley2@yahoo.com,,,,,,,,,,,0,,,"2013-05-23 18:58:17",SurviveDC
HansSilas,Jovine,hanssilasj0@gmail.com,,,,,,,,,,,0,,,"2013-05-23 19:04:02",SurviveDC
Joshua,Feldman,joshadamfeldman@gmail.com,,,,,,,,,,,0,,,"2013-05-23 19:32:08",SurviveDC
John,Murray,johnamurray@verizon.net,,,,,,,,,,,0,,,"2013-05-23 19:52:27",SurviveDC
Ashley,Winkler,ashley.winkler815@yahoo.com,,,,,,,,,,,0,,,"2013-05-23 20:03:27",SurviveDC
kayla,sutton,kaylasutton25@gmail.com,,,,,,,,,,,0,,,"2013-05-23 20:14:36",SurviveDC
Jeffrey,Bassett,bassettj98@yahoo.com,,,,,,,,,,,0,,,"2013-05-23 20:18:29",SurviveDC
Michael,DiLuccio,michael.j.diluccio@gmail.com,,,,,,,,,,,0,,,"2013-05-23 20:18:32",SurviveDC
Kody,Low,kodylow@hotmail.com,,,,,,,,,,,0,,,"2013-05-23 20:52:05",SurviveDC
Nicholas,King,aqua_nick2006@yahoo.com,,,,,,,,,,,0,,,"2013-05-23 21:27:22",SurviveDC
Patrick,Bulger,bulgerpatrick@hotmail.com,,,,,,,,,,,0,,,"2013-05-23 21:40:29",SurviveDC
Jeremy,Coyle,jcoyleoflv@gmail.com,,,,,,,,,,,0,,,"2013-05-23 21:41:09",SurviveDC
Carol,Bulger,bulgercarolann@msn.com,,,,,,,,,,,0,,,"2013-05-23 21:42:34",SurviveDC
Ingrid,Quiroz,inthaisoz@gmail.com,,,,,,,,,,,0,,,"2013-05-23 21:47:31",SurviveDC
Delmar,Tarrago,delmar.tarrago@gmail.com,,,,,,,,,,,0,,,"2013-05-23 21:50:31",SurviveDC
Phillip,Gentle,pcgentle@gmail.com,,,,,,,,,,,0,,,"2013-05-23 21:57:25",SurviveDC
Cristina,Verones,c.verones@bluewin.ch,,,,,,,,,,,0,,,"2013-05-23 21:58:00",SurviveDC
Javier,Silva,mannisilva@gmail.com,,,,,,,,,,,0,,,"2013-05-23 22:06:41",SurviveDC
Erica,Cox,ericalcox@live.com,,,,,,,,,,,0,,,"2013-05-23 22:09:23",SurviveDC
Richard,Mitchell,richard.mitchell15@gmail.com,,,,,,,,,,,0,,,"2013-05-23 22:09:45",SurviveDC
Skyler,Mackey,skybb8@gmail.com,,,,,,,,,,,0,,,"2013-05-23 22:15:23",SurviveDC
Caleb,Merriam,jcalebm@gmail.com,,,,,,,,,,,0,,,"2013-05-23 22:19:56",SurviveDC
Deshira,Wallace,dwallace2208@gmail.com,,,,,,,,,,,0,,,"2013-05-23 22:40:23",SurviveDC
Zachary,Marx-Kuo,kmmcaz@aol.com,,,,,,,,,,,0,,,"2013-05-23 22:44:55",SurviveDC
Hassan,Collins,collins.hassan@gmail.com,,,,,,,,,,,0,,,"2013-05-23 22:49:44",SurviveDC
Jasmine,Harris,jasmineloveskawaiithings@facebook.com,,,,,,,,,,,0,,,"2013-05-23 22:50:16",SurviveDC
Luigi,Matias,luigi.matias@yahoo.com,,,,,,,,,,,0,,,"2013-05-23 22:50:45",SurviveDC
Anna,Tsai,anna.tsai23@gmail.com,,,,,,,,,,,0,,,"2013-05-23 22:55:02",SurviveDC
John,Hale,reaper390@gmail.com,,,,,,,,,,,0,,,"2013-05-23 23:45:11",SurviveDC
Deborah,Secular,deborahsecular@gmail.com,,,,,,,,,,,0,,,"2013-05-23 23:48:30",SurviveDC
Nicole,Johnston,nkjohnston9@gmail.com,,,,,,,,,,,0,,,"2013-05-23 23:51:20",SurviveDC
Zach,Aguayo,chachiz1@hotmail.com,,,,,,,,,,,0,,,"2013-05-24 00:16:10",SurviveDC
Kelvin,Perez,crazykelvn@gmail.com,,,,,,,,,,,0,,,"2013-05-24 00:21:11",SurviveDC
Kyle,Ogilvie,kgilvi3@gmail.com,,,,,,,,,,,0,,,"2013-05-24 00:21:16",SurviveDC
David,Perez,dkaanperez@aol.com,,,,,,,,,,,0,,,"2013-05-24 00:21:23",SurviveDC
Leah,Koeppel,leah.koeppel@gmail.com,,,,,,,,,,,0,,,"2013-05-24 00:26:03",SurviveDC
Rabindra,Oli,rabindra.oli@gmail.com,,,,,,,,,,,0,,,"2013-05-24 00:32:33",SurviveDC
Kevin,Morales,morales.04@live.com,,,,,,,,,,,0,,,"2013-05-24 00:56:49",SurviveDC
Kyle,Rooney,gotu159@gmail.com,,,,,,,,,,,0,,,"2013-05-24 01:07:08",SurviveDC
Nicholas,Vu,theguitarnewbie@aol.com,,,,,,,,,,,0,,,"2013-05-24 03:18:49",SurviveDC
Diego,Zurbaran,diarm07@gmail.com,,,,,,,,,,,0,,,"2013-05-24 04:05:47",SurviveDC
Kaung,Myat,kaungnmyat@gmail.com,,,,,,,,,,,0,,,"2013-05-24 04:42:41",SurviveDC
Emre,Brock,emrebrock@gmail.com,,,,,,,,,,,0,,,"2013-05-24 08:11:40",SurviveDC
Renita,Davis,davi0760@yahoo.com,,,,,,,,,,,0,,,"2013-05-24 08:12:03",SurviveDC
Alexander,Molster,alex.molster@gmail.com,,,,,,,,,,,0,,,"2013-05-24 08:12:59",SurviveDC
Alex,Doan,doandog@aacps.org,,,,,,,,,,,0,,,"2013-05-24 08:14:07",SurviveDC
Becca,Gould,stem13rgould@gaggle.net,,,,,,,,,,,0,,,"2013-05-24 08:15:06",SurviveDC
Zach,Cote,stem13zcote@gaggle.net,,,,,,,,,,,0,,,"2013-05-24 08:15:51",SurviveDC
Sienna,Creech,luvs2danceskc@aol.com,,,,,,,,,,,0,,,"2013-05-24 08:16:39",SurviveDC
Ashley,Sebrowski,stem13asebrowski@gaggle.net,,,,,,,,,,,0,,,"2013-05-24 08:17:35",SurviveDC
Davis,Strench,stem13dstrench@gaggle.net,,,,,,,,,,,0,,,"2013-05-24 08:18:19",SurviveDC
Gabe,Segnatelli,stem13gsegnatelli@gaggle.net,,,,,,,,,,,0,,,"2013-05-24 08:19:20",SurviveDC
Chase,Otely,stem13cotely@gaggle.net,,,,,,,,,,,0,,,"2013-05-24 08:20:43",SurviveDC
"Mary Ann",Badavi,maryannbadavi@gmail.com,,,,,,,,,,,0,,,"2013-05-24 08:21:01",SurviveDC
Pierce,Tyrrell,piercetyrrell@verizon.net,,,,,,,,,,,0,,,"2013-05-24 08:21:51",SurviveDC
Lilly,SmellyPants,lillysmelllypants@google.com,,,,,,,,,,,0,,,"2013-05-24 08:22:42",SurviveDC
Shawn,Petersen,stem13spetersen@gaggle.net,,,,,,,,,,,0,,,"2013-05-24 08:23:38",SurviveDC
Nick,Bedessen,stem13nbedessen@gaggle.net,,,,,,,,,,,0,,,"2013-05-24 08:25:00",SurviveDC
Geoff,Acton,stem13gacton@gaggle.net,,,,,,,,,,,0,,,"2013-05-24 08:26:00",SurviveDC
Jessica,Snyder,emrebroc@gmail.com,,,,,,,,,,,0,,,"2013-05-24 08:27:09",SurviveDC
Mara,Bealey,mebealey@gmail.com,,,,,,,,,,,0,,,"2013-05-24 08:41:44",SurviveDC
David,Zafirovic,david.zafirovic@gmail.com,,,,,,,,,,,0,,,"2013-05-24 08:58:32",SurviveDC
Jennifer,Meszaros,deperlee@yahoo.com,,,,,,,,,,,0,,,"2013-05-24 09:37:40",SurviveDC
Micah,Festerly,ucsd_micah@yahoo.com,,,,,,,,,,,0,,,"2013-05-24 09:43:07",SurviveDC
Courtney,Monahan,courtney.monahan@gmail.com,,,,,,,,,,,0,,,"2013-05-24 09:49:35",SurviveDC
Phillip,Zaprzalka,pezitaly@yahoo.com,,,,,,,,,,,0,,,"2013-05-24 09:50:14",SurviveDC
Jessica,Williams,jessicavwilliams@gmail.com,,,,,,,,,,,0,,,"2013-05-24 10:00:10",SurviveDC
Sarah,Weber,sarahkweber@yahoo.com,,,,,,,,,,,0,,,"2013-05-24 10:15:53",SurviveDC
Brett,Isaacoff,brett.isaacoff@gmail.com,,,,,,,,,,,0,,,"2013-05-24 10:30:01",SurviveDC
Leilah,Reese,lsreese125@gmail.com,,,,,,,,,,,0,,,"2013-05-24 10:35:05",SurviveDC
Andrew,Foss-Grant,fossgrant@gmail.com,,,,,,,,,,,0,,,"2013-05-24 10:39:22",SurviveDC
Angel,Lopez,aelopez14426@yahoo.com,,,,,,,,,,,0,,,"2013-05-24 10:40:30",SurviveDC
Brenden,Walsh,brenden.walsh@gmail.com,,,,,,,,,,,0,,,"2013-05-24 10:52:28",SurviveDC
Vincent,Dagonneau,vincentdagonneau@gmail.com,,,,,,,,,,,0,,,"2013-05-24 11:00:04",SurviveDC
Bri,Dorgan,bridorgan@gmail.com,,,,,,,,,,,0,,,"2013-05-24 11:17:04",SurviveDC
Richard,Sheler,richard.sheler@gmail.com,,,,,,,,,,,0,,,"2013-05-24 11:43:39",SurviveDC
Malcolm,Evans,m.richard.evans36@gmail.com,,,,,,,,,,,0,,,"2013-05-24 11:47:59",SurviveDC
Reginald,Robinson,rreginald24@yahoo.com,,,,,,,,,,,0,,,"2013-05-24 11:54:47",SurviveDC
Jean,Qiao,jqiao88@gmail.com,,,,,,,,,,,0,,,"2013-05-24 11:59:51",SurviveDC
Corey,Thrasybule,coreythras92@yahoo.com,,,,,,,,,,,0,,,"2013-05-24 12:04:34",SurviveDC
Rachel,Veclotch,rachel.veclotch@gmail.com,,,,,,,,,,,0,,,"2013-05-24 12:10:26",SurviveDC
Henry,LaGue,henry.lague@gmail.com,,,,,,,,,,,0,,,"2013-05-24 12:18:04",SurviveDC
Maurice,"Carter Jr.",georgetownmoe@gmail.com,,,,,,,,,,,0,,,"2013-05-24 12:19:45",SurviveDC
Steven,"Sneed Jr",steven127sneed@gmail.com,,,,,,,,,,,0,,,"2013-05-24 12:21:19",SurviveDC
Nicholas,Allen,nicholas.allen192@gmail.com,,,,,,,,,,,0,,,"2013-05-24 12:55:14",SurviveDC
Jerome,Chappelle,j_chappelleiii@yahoo.com,,,,,,,,,,,0,,,"2013-05-24 12:57:51",SurviveDC
Pranay,Adsule,pranay2die4@gmail.com,,,,,,,,,,,0,,,"2013-05-24 12:58:41",SurviveDC
David,Gupta,0david.gupta0@gmail.com,,,,,,,,,,,0,,,"2013-05-24 12:59:35",SurviveDC
George,Morgan,georgemorgan66@gmail.com,,,,,,,,,,,0,,,"2013-05-24 13:05:37",SurviveDC
Deric,Ortiz,dericoortiz@yahoo.com,,,,,,,,,,,0,,,"2013-05-24 13:24:12",SurviveDC
danny,robinson,division1dreams@yahoo.com,,,,,,,,,,,0,,,"2013-05-24 13:27:29",SurviveDC
Alyssa,Gill,amgill11@aol.com,,,,,,,,,,,0,,,"2013-05-24 13:29:55",SurviveDC
Jeff,Kruszewski,jkruszew@yahoo.com,,,,,,,,,,,0,,,"2013-05-24 13:32:36",SurviveDC
Stacey,Moore,mercedes.moore15@gmail.com,,,,,,,,,,,0,,,"2013-05-24 13:35:57",SurviveDC
Robert,Hagerty,earost@smcm.edu,,,,,,,,,,,0,,,"2013-05-24 13:54:44",SurviveDC
Bryce,Banks,bryce.banks13@gmail.com,,,,,,,,,,,0,,,"2013-05-24 13:55:37",SurviveDC
Will,Dent,william.dent14@gmail.com,,,,,,,,,,,0,,,"2013-05-24 14:14:44",SurviveDC
Omaima,Ayachi,omaima.ayachi@yahoo.com,,,,,,,,,,,0,,,"2013-05-24 14:16:53",SurviveDC
Pierce,Drury,hpdrury@gmail.com,,,,,,,,,,,0,,,"2013-05-24 14:28:22",SurviveDC
Shelby,Parish,shelby.parish@gmail.com,,,,,,,,,,,0,,,"2013-05-24 14:41:16",SurviveDC
kt,sagona,ktsagona@gail.com,,,,,,,,,,,0,,,"2013-05-24 14:42:02",SurviveDC
Luke,Kohli,surfski83@aol.com,,,,,,,,,,,0,,,"2013-05-24 14:51:34",SurviveDC
Jeffery,Leon,jl3001@gmail.com,,,,,,,,,,,0,,,"2013-05-24 14:57:46",SurviveDC
Patrick,Everson,patrick.everson@gmail.com,,,,,,,,,,,0,,,"2013-05-24 15:01:03",SurviveDC
Efe,Brock,efebrock@gmail.com,,,,,,,,,,,0,,,"2013-05-24 15:08:39",SurviveDC
Joe,Davila,josephdavila32@yahoo.com,,,,,,,,,,,0,,,"2013-05-24 15:21:27",SurviveDC
Alex,Wong,alexwong711@aol.com,,,,,,,,,,,0,,,"2013-05-24 15:25:08",SurviveDC
Sonia,Podloch,soniapodloch@gmail.com,,,,,,,,,,,0,,,"2013-05-24 15:25:32",SurviveDC
Adam,Brown,adam.brown.7942@gmail.com,,,,,,,,,,,0,,,"2013-05-24 15:49:29",SurviveDC
Leonet,Reid,leonetreid@gmail.com,,,,,,,,,,,0,,,"2013-05-24 15:55:21",SurviveDC
Petra,Nichols,petra.nichols.12@gmail.com,,,,,,,,,,,0,,,"2013-05-24 15:57:11",SurviveDC
Emily,Kuntz,emilykuntz89@gmail.com,,,,,,,,,,,0,,,"2013-05-24 16:04:36",SurviveDC
Meghan,Flesch,meflesch@gmail.com,,,,,,,,,,,0,,,"2013-05-24 16:06:44",SurviveDC
Matt,Steele,matthewasteele@gmail.com,,,,,,,,,,,0,,,"2013-05-24 16:14:53",SurviveDC
Kenneth,Sabalo,kennethsabalo@gmail.com,,,,,,,,,,,0,,,"2013-05-24 16:19:45",SurviveDC
Hiren,Nisar,hirenius@gmail.com,,,,,,,,,,,0,,,"2013-05-24 16:21:42",SurviveDC
Meghan,Flesch,mflesch@masonlive.gmu.edu,,,,,,,,,,,0,,,"2013-05-24 16:24:28",SurviveDC
Jamie,Kuntz,jamiekuntz09@gmail.com,,,,,,,,,,,0,,,"2013-05-24 16:28:08",SurviveDC
Roger,Tellez,rtellez21@yahoo.com,,,,,,,,,,,0,,,"2013-05-24 16:28:51",SurviveDC
Kathryn,Walker,kathrynw86@gmail.com,,,,,,,,,,,0,,,"2013-05-24 16:33:28",SurviveDC
alba,maydeu,alba_96_m@hotmail.com,,,,,,,,,,,0,,,"2013-05-24 16:37:04",SurviveDC
Caleb,Russell,russellc14@mail.wlu.edu,,,,,,,,,,,0,,,"2013-05-24 16:37:08",SurviveDC
Gerald,Gordon,geraldgordonjr@gmail.com,,,,,,,,,,,0,,,"2013-05-24 16:38:07",SurviveDC
Charles,DeBeck,charlesdebeck@gmail.com,,,,,,,,,,,0,,,"2013-05-24 17:01:00",SurviveDC
Brilan,Houser,brilan57@yahoo.com,,,,,,,,,,,0,,,"2013-05-24 17:08:55",SurviveDC
Juan,Garcia,juan_tello95@yahoo.com,,,,,,,,,,,0,,,"2013-05-24 17:09:36",SurviveDC
Sydney,Vernon,syd.e.vernon@gmail.com,,,,,,,,,,,0,,,"2013-05-24 17:15:56",SurviveDC
DeMarco,Phillips,uptwn59@gmail.com,,,,,,,,,,,0,,,"2013-05-24 17:24:25",SurviveDC
Claire,Detrick-Jules,claire.detrickjules@gmail.com,,,,,,,,,,,0,,,"2013-05-24 18:05:10",SurviveDC
Joydeep,Chatterjee,chatterjee.prime@gmail.com,,,,,,,,,,,0,,,"2013-05-24 18:22:27",SurviveDC
Jason,Luna,jason.luna27@gmail.com,,,,,,,,,,,0,,,"2013-05-24 18:26:01",SurviveDC
Jonathan,Perez,runfast94@hotmail.com,,,,,,,,,,,0,,,"2013-05-24 18:34:46",SurviveDC
amy,morse,amorsenh@gmail.com,,,,,,,,,,,0,,,"2013-05-24 18:34:49",SurviveDC
Chatman,Young,ckyoungii@yahoo.com,,,,,,,,,,,0,,,"2013-05-24 18:35:14",SurviveDC
Simone,Weiss,simone.f.weiss@gmail.com,,,,,,,,,,,0,,,"2013-05-24 18:37:19",SurviveDC
Steve,Terleski,tstephe@gmail.com,,,,,,,,,,,0,,,"2013-05-24 18:50:41",SurviveDC
Sasha,Rickard,sasha.rickard@gmail.com,,,,,,,,,,,0,,,"2013-05-24 18:50:55",SurviveDC
Nerissa,Taylor,nerissa.taylo@gmail.com,,,,,,,,,,,0,,,"2013-05-24 19:00:08",SurviveDC
Michele,Lanpher,michele.lanpher@gmail.com,,,,,,,,,,,0,,,"2013-05-24 19:00:48",SurviveDC
Magdalena,Dutra,layerra@gmail.com,,,,,,,,,,,0,,,"2013-05-24 19:01:12",SurviveDC
Amber,Sarmiento,amburr_x@yahoo.com,,,,,,,,,,,0,,,"2013-05-24 19:12:18",SurviveDC
chris,farris,jakedog100@yahoo.com,,,,,,,,,,,0,,,"2013-05-24 19:21:24",SurviveDC
Mike,Nguyen,ra246889@yahoo.com,,,,,,,,,,,0,,,"2013-05-24 19:22:46",SurviveDC
Jane,Kruszewski,jmkrusz@gmail.com,,,,,,,,,,,0,,,"2013-05-24 19:29:33",SurviveDC
Andrea,Lowe,joy.peace124@gmail.com,,,,,,,,,,,0,,,"2013-05-24 19:29:40",SurviveDC
Sarah,Danik,sarahdanik11@gmail.com,,,,,,,,,,,0,,,"2013-05-24 19:47:46",SurviveDC
Naaman,Bakhshi,1.23nv25@gmail.com,,,,,,,,,,,0,,,"2013-05-24 19:50:40",SurviveDC
Bobak,Shafiei,bshafiei@gmail.com,,,,,,,,,,,0,,,"2013-05-24 19:56:11",SurviveDC
Merrick,Clark,raccer@gmail.com,,,,,,,,,,,0,,,"2013-05-24 19:56:29",SurviveDC
Andrew,Lapin,alapin730@gmail.com,,,,,,,,,,,0,,,"2013-05-24 20:05:23",SurviveDC
Alia,Webb,saeset21@gmail.com,,,,,,,,,,,0,,,"2013-05-24 20:30:11",SurviveDC
Rodney,Leggett,rodneyjleggett@gmail.com,,,,,,,,,,,0,,,"2013-05-24 20:49:17",SurviveDC
Sam,Ahrens,samahrens@verizon.net,,,,,,,,,,,0,,,"2013-05-24 20:55:30",SurviveDC
Joe,Zerafa,joseph.p.zerafa@gmail.com,,,,,,,,,,,0,,,"2013-05-24 20:57:51",SurviveDC
Kaila,McCarthy,kailamccarthy@gmail.com,,,,,,,,,,,0,,,"2013-05-24 21:05:50",SurviveDC
Christopher,Lydon,christopheralydon@gmail.com,,,,,,,,,,,0,,,"2013-05-24 21:20:11",SurviveDC
Danel,Trisi,daneltrisi@gmail.com,,,,,,,,,,,0,,,"2013-05-24 21:21:47",SurviveDC
Jon,"de Bearn",jcdeb@hotmail.com,,,,,,,,,,,0,,,"2013-05-24 21:27:42",SurviveDC
chris,guffey,imperialcow@aol.com,,,,,,,,,,,0,,,"2013-05-24 21:28:20",SurviveDC
Stan,Choi,schoi.iv@gmail.com,,,,,,,,,,,0,,,"2013-05-24 21:29:56",SurviveDC
Cameron,Taylor,thecooljetson@gmail.com,,,,,,,,,,,0,,,"2013-05-24 21:49:09",SurviveDC
James,Baxter,cantdoabackflip@gmail.com,,,,,,,,,,,0,,,"2013-05-24 22:04:46",SurviveDC
Jon,Czas,wavelink99@yahoo.com,,,,,,,,,,,0,,,"2013-05-24 22:15:31",SurviveDC
Makin,Brocks,makin_brocks@yahoo.com,,,,,,,,,,,0,,,"2013-05-24 22:19:04",SurviveDC
"John Michael",Santos,jmkhul_27@yahoo.com,,,,,,,,,,,0,,,"2013-05-24 22:19:29",SurviveDC
Wren,Rudolph,wrenjr@verizon.net,,,,,,,,,,,0,,,"2013-05-24 22:22:10",SurviveDC
Carolyn,Richon,cmrichon@gmail.com,,,,,,,,,,,0,,,"2013-05-24 22:22:57",SurviveDC
Keanu,Ross-Cabrera,keanu.ross-cabrera@live.com,,,,,,,,,,,0,,,"2013-05-24 22:25:21",SurviveDC
Michael,Ross,mikerosstheboss42@yahoo.com,,,,,,,,,,,0,,,"2013-05-24 22:26:06",SurviveDC
Sierra,Frischknecht,sierra.frischknecht@gmail.com,,,,,,,,,,,0,,,"2013-05-24 22:55:24",SurviveDC
Diego,Foronda,diego.foronda@gmail.com,,,,,,,,,,,0,,,"2013-05-24 23:02:01",SurviveDC
Mario,Flores,mflores3@gmail.com,,,,,,,,,,,0,,,"2013-05-24 23:03:43",SurviveDC
Branndon,Marshall,branndonmarshall@gmail.com,,,,,,,,,,,0,,,"2013-05-24 23:04:43",SurviveDC
Steffi,Ammons,steffi.ammons@gmail.com,,,,,,,,,,,0,,,"2013-05-24 23:04:53",SurviveDC
Cadeem,Franklin,cadeem.franklin@gmail.com,,,,,,,,,,,0,,,"2013-05-24 23:06:21",SurviveDC
Roderick,Marshall,bigrod2354@yahoo.com,,,,,,,,,,,0,,,"2013-05-24 23:06:43",SurviveDC
Shawn,Banks,sbanks17@gmail.com,,,,,,,,,,,0,,,"2013-05-24 23:08:14",SurviveDC
Shawn,Banks,sbanks17@yahoo.com,,,,,,,,,,,0,,,"2013-05-24 23:09:51",SurviveDC
Edwin,Villeda,edwinvilleda45@yahoo.com,,,,,,,,,,,0,,,"2013-05-24 23:11:37",SurviveDC
Harith,"De Silva",masterwraith@gmail.com,,,,,,,,,,,0,,,"2013-05-24 23:12:54",SurviveDC
antonio,singleton,antoniomsingleton@gmail.com,,,,,,,,,,,0,,,"2013-05-24 23:14:35",SurviveDC
Dylan,Deshler,deshler.dylan@gmail.com,,,,,,,,,,,0,,,"2013-05-24 23:15:50",SurviveDC
James,Page,jdpage1989@gmail.com,,,,,,,,,,,0,,,"2013-05-24 23:19:56",SurviveDC
Keaton,Somerville,keatonsomerville@yahoo.com,,,,,,,,,,,0,,,"2013-05-24 23:20:47",SurviveDC
Steffano,Pereyra,steffano28pereyra@gmail.com,,,,,,,,,,,0,,,"2013-05-24 23:23:28",SurviveDC
DEARIS,Greenidge,demersongreenidge@gmail.com,,,,,,,,,,,0,,,"2013-05-24 23:33:55",SurviveDC
Keith,Salisbury,keithsals@gmail.com,,,,,,,,,,,0,,,"2013-05-24 23:36:55",SurviveDC
Jimmy,Nguyen,jimmyn04@gmail.com,,,,,,,,,,,0,,,"2013-05-24 23:41:29",SurviveDC
Mark,Landry,drewcl92@gmail.com,,,,,,,,,,,0,,,"2013-05-25 00:18:33",SurviveDC
tanya,rosenblut,tanya.rosenblut@gmail.com,,,,,,,,,,,0,,,"2013-05-25 00:20:17",SurviveDC
Chris,Grant,chriskgrant@gmail.com,,,,,,,,,,,0,,,"2013-05-25 00:20:36",SurviveDC
Julia,Okun,isaberner@comcast.net,,,,,,,,,,,0,,,"2013-05-25 00:35:10",SurviveDC
Michael,Glazer,mg_and_lb@yahoo.com,,,,,,,,,,,0,,,"2013-05-25 00:53:08",SurviveDC
Olivia,Deramus,okuj140@burkeschool.org,,,,,,,,,,,0,,,"2013-05-25 00:57:06",SurviveDC
Nicholas,Grubb,muzicman4990@gmail.com,,,,,,,,,,,0,,,"2013-05-25 01:01:48",SurviveDC
Kim,Yie,taalcon@hotmail.com,,,,,,,,,,,0,,,"2013-05-25 01:02:31",SurviveDC
randy,mauricio,randymauricio@rocketmail.com,,,,,,,,,,,0,,,"2013-05-25 01:07:33",SurviveDC
Nicholas,Hasko,nicholashasko@gmail.com,,,,,,,,,,,0,,,"2013-05-25 01:10:11",SurviveDC
Logan,Lopez,llopez792@yahoo.com,,,,,,,,,,,0,,,"2013-05-25 01:16:23",SurviveDC
Christopher,Glover,bushman95@gmail.com,,,,,,,,,,,0,,,"2013-05-25 01:17:21",SurviveDC
Justin,Bruch,jbruch694@gmail.com,,,,,,,,,,,0,,,"2013-05-25 01:22:03",SurviveDC
Davon,Colbert,davonmykel@yahoo.com,,,,,,,,,,,0,,,"2013-05-25 01:33:29",SurviveDC
Denis,Sgouros,ds1037a@student.american.edu,,,,,,,,,,,0,,,"2013-05-25 01:50:19",SurviveDC
Shiva,Minovi,shiva.minovi@gmail.com,,,,,,,,,,,0,,,"2013-05-25 01:57:06",SurviveDC
Hagar,Sanjakdar,hagars94@vt.edu,,,,,,,,,,,0,,,"2013-05-25 02:15:07",SurviveDC
Aaron,Lewter,laballer23@gmail.com,,,,,,,,,,,0,,,"2013-05-25 02:28:36",SurviveDC
donovin,bowman,bowmansidneyd@gmail.com,,,,,,,,,,,0,,,"2013-05-25 05:21:08",SurviveDC
Lauren,Deason,laurendeason@gmail.com,,,,,,,,,,,0,,,"2013-05-25 05:33:34",SurviveDC
Loraine,Heckenberg,loraheck@gmail.com,,,,,,,,,,,0,,,"2013-05-25 07:34:49",SurviveDC
Enrique,Rojas,4241818@gmail.com,,,,,,,,,,,0,,,"2013-05-25 07:39:25",SurviveDC
Sarah,Tucker,smt32@georgetown.edu,,,,,,,,,,,0,,,"2013-05-25 07:41:56",SurviveDC
John,Robinson,johnjay_729@verizon.net,,,,,,,,,,,0,,,"2013-05-25 08:15:54",SurviveDC
John,Romaine,lettucehead91@hotmail.com,,,,,,,,,,,0,,,"2013-05-25 08:20:08",SurviveDC
John,Hillery,johnhillery@gmail.com,,,,,,,,,,,0,,,"2013-05-25 08:26:58",SurviveDC
Reid,Brown,getreid@gmail.com,,,,,,,,,,,0,,,"2013-05-25 08:42:25",SurviveDC
Paul,Cowden,paul.cwdn@gmail.com,,,,,,,,,,,0,,,"2013-05-25 08:57:07",SurviveDC
Hillius,Ettinoffe,hillius.ettinoffe@gmail.com,,,,,,,,,,,0,,,"2013-05-25 09:25:23",SurviveDC
Lindsay,Foshee,lindsay.alexis14@gmail.com,,,,,,,,,,,0,,,"2013-05-25 09:47:08",SurviveDC
Michael,Humady,mhumady90@gmail.com,,,,,,,,,,,0,,,"2013-05-25 10:04:15",SurviveDC
Philip,Piatt,piattcp@live.com,,,,,,,,,,,0,,,"2013-05-25 10:07:59",SurviveDC
Rochelle,O'Brien,sandra.rochelle@gmail.com,,,,,,,,,,,0,,,"2013-05-25 10:08:48",SurviveDC
Claudia,Solari,claudiasolari@gmail.com,,,,,,,,,,,0,,,"2013-05-25 10:22:53",SurviveDC
Caroline,Rothermel,caroline_rothermel@yahoo.com,,,,,,,,,,,0,,,"2013-05-25 10:27:01",SurviveDC
Kara,Paterson,kara.paterson@gmail.com,,,,,,,,,,,0,,,"2013-05-25 10:29:04",SurviveDC
Derek,Woodman,derek.woodman@gmail.com,,,,,,,,,,,0,,,"2013-05-25 10:30:08",SurviveDC
Jace,Fullmer,fullmerjace@hotmail.com,,,,,,,,,,,0,,,"2013-05-25 10:38:01",SurviveDC
Jamie,Helgren,jamiehelgren@gmail.com,,,,,,,,,,,0,,,"2013-05-25 10:57:38",SurviveDC
Dorian,Chandler-Hall,dajch1996@yahoo.com,,,,,,,,,,,0,,,"2013-05-25 11:05:12",SurviveDC
Malik,Carney,cmalik315@yahoo.com,,,,,,,,,,,0,,,"2013-05-25 11:05:34",SurviveDC
Jeremy,Wahyudi,jeremy_wahyudi@yahoo.com,,,,,,,,,,,0,,,"2013-05-25 11:06:39",SurviveDC
Timmy,Rattanaphone,trattanaphone@gmail.com,,,,,,,,,,,0,,,"2013-05-25 11:06:40",SurviveDC
Bradley,Senft,m3t4thesis@gmail.com,,,,,,,,,,,0,,,"2013-05-25 11:09:35",SurviveDC
Catalina,Zafra,d.catalinaes@live.com,,,,,,,,,,,0,,,"2013-05-25 11:10:33",SurviveDC
Ace,Eclar,gamerace100@gmail.com,,,,,,,,,,,0,,,"2013-05-25 11:12:48",SurviveDC
Kai,Filion,kaifilion@gmail.com,,,,,,,,,,,0,,,"2013-05-25 11:13:15",SurviveDC
Tyrice,Henry,tyrice_henry@yahoo.com,,,,,,,,,,,0,,,"2013-05-25 11:15:28",SurviveDC
Joseph,Forcier,joeforcier@gmail.com,,,,,,,,,,,0,,,"2013-05-25 11:17:16",SurviveDC
kevin,perry,kevinperry2428@gmail.com,,,,,,,,,,,0,,,"2013-05-25 11:32:44",SurviveDC
Alex,Bledsoe,abledsoe50@yahoo.com,,,,,,,,,,,0,,,"2013-05-25 11:35:26",SurviveDC
Nathan,Incognito,nathan.incognito@gmail.com,,,,,,,,,,,0,,,"2013-05-25 11:36:26",SurviveDC
khaleel,carrington,khaleelcarrington@yahoo.com,,,,,,,,,,,0,,,"2013-05-25 11:38:38",SurviveDC
Jacob,Hayman,jakehayman96@gmail.com,,,,,,,,,,,0,,,"2013-05-25 11:39:39",SurviveDC
David,Johns,mrdavidjohns2@gmail.com,,,,,,,,,,,0,,,"2013-05-25 11:40:25",SurviveDC
Jason,Whitney,jwhit525@gmail.com,,,,,,,,,,,0,,,"2013-05-25 11:41:35",SurviveDC
xander,kott,sharkbite15@gmail.com,,,,,,,,,,,0,,,"2013-05-25 11:42:06",SurviveDC
Fahed,Naili,fnsawfive@gmail.com,,,,,,,,,,,0,,,"2013-05-25 11:49:27",SurviveDC
John,Novak,johnwnovak@gmail.com,,,,,,,,,,,0,,,"2013-05-25 11:49:59",SurviveDC
Khabeer,Salaam,khabeer.salaam@gmail.com,,,,,,,,,,,0,,,"2013-05-25 11:53:16",SurviveDC
Will,Woodworth,bokeley@gmail.com,,,,,,,,,,,0,,,"2013-05-25 11:57:03",SurviveDC
Lamont,Whiteside,rjthorne131@yahoo.com,,,,,,,,,,,0,,,"2013-05-25 11:57:21",SurviveDC
rashawn,jackson,rashawntjackson26@yahoo.com,,,,,,,,,,,0,,,"2013-05-25 12:05:35",SurviveDC
Jami,Murray,jamicmurray@yahoo.com,,,,,,,,,,,0,,,"2013-05-25 12:08:36",SurviveDC
Ginger,Tagliarino,gtagliarino@gmail.com,,,,,,,,,,,0,,,"2013-05-25 12:14:53",SurviveDC
Ibrahim,Lamin,i_lamin@yahoo.com,,,,,,,,,,,0,,,"2013-05-25 12:15:05",SurviveDC
Ben,Sisko,brsisko@gmail.com,,,,,,,,,,,0,,,"2013-05-25 12:19:34",SurviveDC
Wesley,Nooter,wnooter@yahoo.com,,,,,,,,,,,0,,,"2013-05-25 12:21:24",SurviveDC
Cindy,Tran,cindytran.ct@gmail.com,,,,,,,,,,,0,,,"2013-05-25 12:24:15",SurviveDC
Jessica,Rybka,jessicarybka@gmail.com,,,,,,,,,,,0,,,"2013-05-25 12:39:09",SurviveDC
Michaela,Lyles,lylesmichaela@gmail.com,,,,,,,,,,,0,,,"2013-05-25 12:44:03",SurviveDC
Patience,Davis,patience.tamarra@yahoo.com,,,,,,,,,,,0,,,"2013-05-25 12:45:45",SurviveDC
nicholas,rivero,lostsnowman@gmail.com,,,,,,,,,,,0,,,"2013-05-25 12:53:14",SurviveDC
Danielle,Thorne,dathorne@smcm.edu,,,,,,,,,,,0,,,"2013-05-25 12:53:29",SurviveDC
David,Lazere,davidlazere@gmail.com,,,,,,,,,,,0,,,"2013-05-25 12:59:44",SurviveDC
Justin,Nguyen,djustinnguyen@gmail.com,,,,,,,,,,,0,,,"2013-05-25 13:00:17",SurviveDC
Chris,Marriage,chris.marriage@gmail.com,,,,,,,,,,,0,,,"2013-05-25 13:00:41",SurviveDC
Evan,Ballan,evan1035@gmail.com,,,,,,,,,,,0,,,"2013-05-25 13:01:19",SurviveDC
Levi,Lara,lara.levie@gmail.com,,,,,,,,,,,0,,,"2013-05-25 13:03:47",SurviveDC
Eric,Lewis,airshp12@vt.edu,,,,,,,,,,,0,,,"2013-05-25 13:09:46",SurviveDC
Jenny,Bagnell,sarat.thompson@gmail.com,,,,,,,,,,,0,,,"2013-05-25 13:10:48",SurviveDC
Trevor,Clarkson,tclarkson929@gmail.com,,,,,,,,,,,0,,,"2013-05-25 13:11:34",SurviveDC
nate,lee,nalexlt1996@yahoo.com,,,,,,,,,,,0,,,"2013-05-25 13:14:48",SurviveDC
Steven,Lowe,sjl5111@aol.com,,,,,,,,,,,0,,,"2013-05-25 13:15:28",SurviveDC
Brian,Strege,bdstrege@gmail.com,,,,,,,,,,,0,,,"2013-05-25 13:18:06",SurviveDC
Ferdinand,Torres,tferdinand@yahoo.com,,,,,,,,,,,0,,,"2013-05-25 13:18:30",SurviveDC
Sam,Smith,trezishyvibe@gmail.com,,,,,,,,,,,0,,,"2013-05-25 13:24:03",SurviveDC
jasser,vudka,jasservudka101@gmail.com,,,,,,,,,,,0,,,"2013-05-25 13:27:05",SurviveDC
James,Bonneau,james.bonneau@gmail.com,,,,,,,,,,,0,,,"2013-05-25 13:31:45",SurviveDC
Nicole,Young,nicole.g.young@gmail.com,,,,,,,,,,,0,,,"2013-05-25 13:31:58",SurviveDC
Melissa,Terry,littleone013@gmail.com,,,,,,,,,,,0,,,"2013-05-25 13:32:45",SurviveDC
Emily,Russel,emilyrussel29@gmail.com,,,,,,,,,,,0,,,"2013-05-25 13:54:51",SurviveDC
Ethan,Albert,emanalbert@aol.com,,,,,,,,,,,0,,,"2013-05-25 13:57:02",SurviveDC
Tim,Campbell,themotheus@gmail.com,,,,,,,,,,,0,,,"2013-05-25 13:59:49",SurviveDC
Daniel,Frohlich,frohlich.dan@gmail.com,,,,,,,,,,,0,,,"2013-05-25 13:59:53",SurviveDC
Caroline,Ewing,cama130@burkeschool.org,,,,,,,,,,,0,,,"2013-05-25 14:04:53",SurviveDC
JoLissa,Jones,jolissajones@gmail.com,,,,,,,,,,,0,,,"2013-05-25 14:07:13",SurviveDC
Galen,Winey,galendw@gmail.com,,,,,,,,,,,0,,,"2013-05-25 14:07:16",SurviveDC
Corinne,Hoogakker,choogakker@gmail.com,,,,,,,,,,,0,,,"2013-05-25 14:09:28",SurviveDC
TJ,Shillingburg,obxbeachboy1@yahoo.com,,,,,,,,,,,0,,,"2013-05-25 14:10:23",SurviveDC
Andrew,Zapfel,azapfel@gwmail.gwu.edu,,,,,,,,,,,0,,,"2013-05-25 14:13:32",SurviveDC
Nicole,Mejia-Mamani,nicole.mejia2013@yahoo.com,,,,,,,,,,,0,,,"2013-05-25 14:17:02",SurviveDC
Makenry,Lujan,chachiz1@yahoo.com,,,,,,,,,,,0,,,"2013-05-25 14:17:18",SurviveDC
Linnet,Davis-Stermitz,linnet.davis.stermitz@gmail.com,,,,,,,,,,,0,,,"2013-05-25 14:17:24",SurviveDC
Emily,Reid,cubicaglacies@gmail.com,,,,,,,,,,,0,,,"2013-05-25 14:19:56",SurviveDC
Katie,keegin,katiekeegin@gmail.com,,,,,,,,,,,0,,,"2013-05-25 14:21:17",SurviveDC
Carlos,Castro,zack2ooo@hotmail.com,,,,,,,,,,,0,,,"2013-05-25 14:22:21",SurviveDC
Julio,sorigalvarro,july2211@live.com,,,,,,,,,,,0,,,"2013-05-25 14:26:55",SurviveDC
Andrew,Petrilli,petrilli.andrew@yahoo.com,,,,,,,,,,,0,,,"2013-05-25 14:32:07",SurviveDC
tiffani,lewis,tc.lewis7@gmail.com,,,,,,,,,,,0,,,"2013-05-25 14:34:21",SurviveDC
Zachary,Melnick,zachary.melnick@gmail.com,,,,,,,,,,,0,,,"2013-05-25 14:35:29",SurviveDC
davontae,smith,davontae_23@hotmail.com,,,,,,,,,,,0,,,"2013-05-25 14:41:40",SurviveDC
Grant,Dickinson,grantdickinson39@aim.com,,,,,,,,,,,0,,,"2013-05-25 14:46:20",SurviveDC
Nicolas,carson,nicolas9101@yahoo.com,,,,,,,,,,,0,,,"2013-05-25 14:49:37",SurviveDC
Meghan,Perry,meperry@email.wm.edu,,,,,,,,,,,0,,,"2013-05-25 14:52:25",SurviveDC
Chris,Kirk,cperryk@gmail.com,,,,,,,,,,,0,,,"2013-05-25 14:52:54",SurviveDC
Kyle,Sneeden,kdsneeden@email.wm.edu,,,,,,,,,,,0,,,"2013-05-25 14:53:29",SurviveDC
Lam,Nguyen,lamhtnguyen@gmail.com,,,,,,,,,,,0,,,"2013-05-25 14:54:29",SurviveDC
Chris,Canary,clcanary@gmail.com,,,,,,,,,,,0,,,"2013-05-25 14:58:45",SurviveDC
Brian,Perry,perry.b908@gmail.com,,,,,,,,,,,0,,,"2013-05-25 14:59:47",SurviveDC
connor,Perry,perrycm3@vcu.edu,,,,,,,,,,,0,,,"2013-05-25 15:03:06",SurviveDC
Eshaka,Conteh,eshaka.conteh@gmail.com,,,,,,,,,,,0,,,"2013-05-25 15:04:53",SurviveDC
Nimit,Lad,junkmail1066@gmail.com,,,,,,,,,,,0,,,"2013-05-25 15:07:42",SurviveDC
Andrea,Wooding,andrea.m.wooding@gmail.com,,,,,,,,,,,0,,,"2013-05-25 15:10:39",SurviveDC
Sadia,Kalsoom,sadiakalsoom@gmail.com,,,,,,,,,,,0,,,"2013-05-25 15:11:24",SurviveDC
Julius,Cooper,jubasket@yahoo.com,,,,,,,,,,,0,,,"2013-05-25 15:11:31",SurviveDC
Kody,Low,kodysteam@hotmail.com,,,,,,,,,,,0,,,"2013-05-25 15:14:23",SurviveDC
Johnny,Simmons,solo_kid23@yahoo.com,,,,,,,,,,,0,,,"2013-05-25 15:14:24",SurviveDC
Luke,Hinshelwood,luke.hinshelwood@centre.edu,,,,,,,,,,,0,,,"2013-05-25 15:14:38",SurviveDC
Martin,Marshall,martinmason@rockemtail.com,,,,,,,,,,,0,,,"2013-05-25 15:15:29",SurviveDC
Miya,Cain,miya.cain@gmail.com,,,,,,,,,,,0,,,"2013-05-25 15:15:48",SurviveDC
Anthony,Zometa,azometa11@hotmail.com,,,,,,,,,,,0,,,"2013-05-25 15:19:45",SurviveDC
Ervin,Owusu,ervin2345@gmail.com,,,,,,,,,,,0,,,"2013-05-25 15:20:07",SurviveDC
Kahlil,Lindsey,kahlil_rasul_lindsey@yahoo.com,,,,,,,,,,,0,,,"2013-05-25 15:24:19",SurviveDC
Kameshia,Tolliver,kameshiatolliver@yahoo.com,,,,,,,,,,,0,,,"2013-05-25 15:27:57",SurviveDC
Trey,Douglas,tee22410@aim.com,,,,,,,,,,,0,,,"2013-05-25 15:34:06",SurviveDC
Samuel,Haddaway,srfhaddaway@gmail.com,,,,,,,,,,,0,,,"2013-05-25 15:34:20",SurviveDC
cesar,pena,stfucesar@gmail.com,,,,,,,,,,,0,,,"2013-05-25 15:35:43",SurviveDC
Sophia,Tesfaye,sophia.tesfaye@gmail.com,,,,,,,,,,,0,,,"2013-05-25 15:40:20",SurviveDC
Haley,Jacquet,ms.guadagnino@yahoo.com,,,,,,,,,,,0,,,"2013-05-25 15:44:27",SurviveDC
lamont,"white side",lamont@yahoo.com,,,,,,,,,,,0,,,"2013-05-25 15:46:51",SurviveDC
Doriana,Thornton,fairys_are_real350@yahoo.com,,,,,,,,,,,0,,,"2013-05-25 15:48:35",SurviveDC
Jon,Fa,sacdom0007@yahoo.com,,,,,,,,,,,0,,,"2013-05-25 15:48:59",SurviveDC
Travis,Thompson,travr.thompson@gmail.com,,,,,,,,,,,0,,,"2013-05-25 15:53:07",SurviveDC
Sterling,Roberson,roberson.sterling@gmail.com,,,,,,,,,,,0,,,"2013-05-25 15:53:21",SurviveDC
Bethany,O'Donnell,bethany.odonnell@yahoo.com,,,,,,,,,,,0,,,"2013-05-25 15:56:42",SurviveDC
Dettrick,Dickerson,lavishclarck@gmail.com,,,,,,,,,,,0,,,"2013-05-25 16:00:06",SurviveDC
joe,davila,joedav358@yahoo.com,,,,,,,,,,,0,,,"2013-05-25 16:00:17",SurviveDC
Kate,Starr,maggiesimpson@lnf.com,,,,,,,,,,,0,,,"2013-05-25 16:03:46",SurviveDC
Gus,Depra,gusbus32@gmail.com,,,,,,,,,,,0,,,"2013-05-25 16:03:48",SurviveDC
Justus,Graham,justusgraham@gmail.com,,,,,,,,,,,0,,,"2013-05-25 16:06:09",SurviveDC
Sam,Palca,sam.palca@gmail.com,,,,,,,,,,,0,,,"2013-05-25 16:06:48",SurviveDC
Melissa,Roark,mroark923@yahoo.com,,,,,,,,,,,0,,,"2013-05-25 16:07:41",SurviveDC
Anais,Lu,lu.anais@live.fr,,,,,,,,,,,0,,,"2013-05-25 16:09:59",SurviveDC
Elizabeth,Smith,eksmith@email.wm.edu,,,,,,,,,,,0,,,"2013-05-25 16:13:34",SurviveDC
Sean,Hopkins,smhopkins@live.com,,,,,,,,,,,0,,,"2013-05-25 16:14:07",SurviveDC
Joshua,Stallings,joshua.r.stallings@gmail.com,,,,,,,,,,,0,,,"2013-05-25 16:14:49",SurviveDC
Jesse,Bruce,jessegmode12@gmail.com,,,,,,,,,,,0,,,"2013-05-25 16:16:37",SurviveDC
Daniel,Potter,dpotter1983@gmail.com,,,,,,,,,,,0,,,"2013-05-25 16:17:02",SurviveDC
Jenna,Rieling,jriel4@yahoo.com,,,,,,,,,,,0,,,"2013-05-25 16:21:28",SurviveDC
Alex,Valentino,alexjvalentino@gmail.com,,,,,,,,,,,0,,,"2013-05-25 16:22:27",SurviveDC
Bridgett,Platz,bridgett.platz@gmail.com,,,,,,,,,,,0,,,"2013-05-25 16:23:43",SurviveDC
Rick,Dembinski,dembones31@gmail.com,,,,,,,,,,,0,,,"2013-05-25 16:24:29",SurviveDC
Ben,Lister,bzlister@gmail.com,,,,,,,,,,,0,,,"2013-05-25 16:25:16",SurviveDC
Ken,Vallis,ksvallis@gmail.com,,,,,,,,,,,0,,,"2013-05-25 16:25:51",SurviveDC
Naomi,"Marie Rose",dragonkunai@gmail.com,,,,,,,,,,,0,,,"2013-05-25 16:26:47",SurviveDC
Maiya,Elliott,maiya.elliott@gmail.com,,,,,,,,,,,0,,,"2013-05-25 16:26:53",SurviveDC
Blair,Gilbert,blairlgilbert@gmail.com,,,,,,,,,,,0,,,"2013-05-25 16:27:42",SurviveDC
Zoe,Gatti,pingurox101@gmail.com,,,,,,,,,,,0,,,"2013-05-25 16:29:53",SurviveDC
Sarah,Ulstrup,sarah.ulstrup@gmail.com,,,,,,,,,,,0,,,"2013-05-25 16:30:50",SurviveDC
Ben,Lewis,benlewis08@gmail.com,,,,,,,,,,,0,,,"2013-05-25 16:31:45",SurviveDC
Jordan,Wells,jordanwells@gmail.com,,,,,,,,,,,0,,,"2013-05-25 16:33:45",SurviveDC
Erik,Sachser,mixtext@gmail.com,,,,,,,,,,,0,,,"2013-05-25 16:35:15",SurviveDC
Abby,Melick,abbymelick07@gmail.com,,,,,,,,,,,0,,,"2013-05-25 16:36:55",SurviveDC
Jackie,Johnson,johjackie@gmail.com,,,,,,,,,,,0,,,"2013-05-25 16:37:33",SurviveDC
Khaliah,James,crazyliah97@gmail.com,,,,,,,,,,,0,,,"2013-05-25 16:38:38",SurviveDC
Martin,ruiz,martinc_ruiz@yahoo.com,,,,,,,,,,,0,,,"2013-05-25 16:40:18",SurviveDC
BEATRIZ,"Gimenez de cordoba",beagdc@hotmail.es,,,,,,,,,,,0,,,"2013-05-25 16:41:51",SurviveDC
Kyrsten,Brown,kyrstensbrown@gmail.com,,,,,,,,,,,0,,,"2013-05-25 16:44:44",SurviveDC
Danielle,Draper,dd5763a@student.american.edu,,,,,,,,,,,0,,,"2013-05-25 16:45:16",SurviveDC
Stanley,Augustin,stanley.augustin38@gmail.com,,,,,,,,,,,0,,,"2013-05-25 16:45:57",SurviveDC
Jessica,Barbour,patience.tanarra@yahoo.com,,,,,,,,,,,0,,,"2013-05-25 16:52:28",SurviveDC
Melissa,Huang,1233melissa4456@gmail.com,,,,,,,,,,,0,,,"2013-05-25 16:55:42",SurviveDC
PJ,Tabit,pjtabit@gmail.com,,,,,,,,,,,0,,,"2013-05-25 16:56:23",SurviveDC
Jessy,Hanmer,jessica.hanmer@gmail.com,,,,,,,,,,,0,,,"2013-05-25 16:57:15",SurviveDC
Dax,McDonell,dmac365@yahoo.com,,,,,,,,,,,0,,,"2013-05-25 16:57:27",SurviveDC
Penina,G,p.e.graubart@gmail.com,,,,,,,,,,,0,,,"2013-05-25 16:58:03",SurviveDC
Elizabeth,Cubanski,bcubanski@me.com,,,,,,,,,,,0,,,"2013-05-25 16:58:19",SurviveDC
Andres,Gonzalez,gonzothegr8@gmail.com,,,,,,,,,,,0,,,"2013-05-25 17:01:10",SurviveDC
alexandra,rhodes,rhodes.alexb@gmail.com,,,,,,,,,,,0,,,"2013-05-25 17:01:48",SurviveDC
Ashleigh,Ferran,ashleighferran@gmail.com,,,,,,,,,,,0,,,"2013-05-25 17:02:03",SurviveDC
aisha,albader,aisha.albader@live.com,,,,,,,,,,,0,,,"2013-05-25 17:03:52",SurviveDC
Lance,Nelson,thenelsons630@gmail.com,,,,,,,,,,,0,,,"2013-05-25 17:12:43",SurviveDC
Ken,Modde,kmodde@gmail.com,,,,,,,,,,,0,,,"2013-05-25 17:15:21",SurviveDC
Adish,Padhani,adishraza@gmail.com,,,,,,,,,,,0,,,"2013-05-25 17:19:42",SurviveDC
Kendall,Hermsdorf,kendallhermsdorf@gmail.com,,,,,,,,,,,0,,,"2013-05-25 17:21:21",SurviveDC
Ghada,Hallal,gh_21_2003@yahoo.com,,,,,,,,,,,0,,,"2013-05-25 17:22:26",SurviveDC
Dysis,Scarlett,dysis.scarlett@gmail.com,,,,,,,,,,,0,,,"2013-05-25 17:22:31",SurviveDC
Ryan,West,ryan.west89@yahoo.com,,,,,,,,,,,0,,,"2013-05-25 17:22:46",SurviveDC
Naomi,Logan,naomif.logan@gmail.com,,,,,,,,,,,0,,,"2013-05-25 17:24:39",SurviveDC
Abhi,Pandey,abhi.de.chicago@gmail.com,,,,,,,,,,,0,,,"2013-05-25 17:27:18",SurviveDC
Devan,Abercrombie,devan.hockey@gmail.com,,,,,,,,,,,0,,,"2013-05-25 17:28:32",SurviveDC
Matt,Law,cmmlaw@gmail.com,,,,,,,,,,,0,,,"2013-05-25 17:29:19",SurviveDC
Dinambi,Butler,dinambi.butler@gmail.com,,,,,,,,,,,0,,,"2013-05-25 17:30:01",SurviveDC
Torie,Partridge,torie.partridge@gmail.com,,,,,,,,,,,0,,,"2013-05-25 17:30:31",SurviveDC
Scott,Sheppard,sheppardss@yahoo.com,,,,,,,,,,,0,,,"2013-05-25 17:33:04",SurviveDC
Joshua,Trowell,mgmjwt95@aol.com,,,,,,,,,,,0,,,"2013-05-25 17:35:10",SurviveDC
patrick,clark,patrick.clark08@gmail.com,,,,,,,,,,,0,,,"2013-05-25 17:38:29",SurviveDC
Rob,Parker,robertperryparker3@yahoo.com,,,,,,,,,,,0,,,"2013-05-25 17:39:41",SurviveDC
Carroll,Wongchote,asianfolyfe89@hotmail.com,,,,,,,,,,,0,,,"2013-05-25 17:40:14",SurviveDC
Steven,Feldman,mr.stevenfeldman@gmail.com,,,,,,,,,,,0,,,"2013-05-25 17:41:54",SurviveDC
Nancy,Blanford,blanfordnk@gmail.com,,,,,,,,,,,0,,,"2013-05-25 17:41:59",SurviveDC
Paul,Frederique,frederique.paul@gmail.com,,,,,,,,,,,0,,,"2013-05-25 17:43:51",SurviveDC
Andre,Williams,am.willa@gmail.com,,,,,,,,,,,0,,,"2013-05-25 17:44:51",SurviveDC
Gregory,Feldman,feldmangreg@gmail.com,,,,,,,,,,,0,,,"2013-05-25 17:45:23",SurviveDC
Deyundraus,Dawson,deyundraus@hotmail.com,,,,,,,,,,,0,,,"2013-05-25 17:45:48",SurviveDC
Skylar,Hays,theskylarhays@gmail.com,,,,,,,,,,,0,,,"2013-05-25 17:46:45",SurviveDC
Cecilia,Bahamon,cec.bahamon@gmail.com,,,,,,,,,,,0,,,"2013-05-25 17:47:14",SurviveDC
Alexandra,Flesch,amflesch@gmail.com,,,,,,,,,,,0,,,"2013-05-25 17:47:32",SurviveDC
Meghan,Herbert-Walters,meghanherbertwalters22@yahoo.com,,,,,,,,,,,0,,,"2013-05-25 17:47:50",SurviveDC
gerry,rubi,rubigerry@yahoo.com,,,,,,,,,,,0,,,"2013-05-25 17:48:05",SurviveDC
Courtney,Perkins,perkinsc12@mail.wlu.edu,,,,,,,,,,,0,,,"2013-05-25 17:49:12",SurviveDC
Jason,Perry,jason.perry301@gmail.com,,,,,,,,,,,0,,,"2013-05-25 17:50:41",SurviveDC
hassan,asraful,hassan_dbzgt@yahoo.com,,,,,,,,,,,0,,,"2013-05-25 17:50:45",SurviveDC
Evan,Williamson,ewilliamson51@gmail.com,,,,,,,,,,,0,,,"2013-05-25 17:51:40",SurviveDC
Jesse,Diasparra,jdiasparra@mail.usf.edu,,,,,,,,,,,0,,,"2013-05-25 18:00:40",SurviveDC
John,Pera,fearthedogpound7@aol.com,,,,,,,,,,,0,,,"2013-05-25 18:02:18",SurviveDC
andre,malochee,malochizzle@gmail.com,,,,,,,,,,,0,,,"2013-05-25 18:02:35",SurviveDC
alfredo,rodriguez,alfredors40@hotmail.com,,,,,,,,,,,0,,,"2013-05-25 18:02:46",SurviveDC
William,Meyerson,william.meyerson@yale.edu,,,,,,,,,,,0,,,"2013-05-25 18:03:27",SurviveDC
Kaylin,Lapan,cmackenzie876@gmail.com,,,,,,,,,,,0,,,"2013-05-25 18:05:49",SurviveDC
Kiauna,Ferguson,ladyykayy459@gmail.com,,,,,,,,,,,0,,,"2013-05-25 18:05:56",SurviveDC
Mal,Cherifi,cherifimal@gmail.com,,,,,,,,,,,0,,,"2013-05-25 18:06:07",SurviveDC
Chris,Law,law.christopher.j@gmail.com,,,,,,,,,,,0,,,"2013-05-25 18:06:37",SurviveDC
Elizabeth,Gannaway,engannaway@hotmail.com,,,,,,,,,,,0,,,"2013-05-25 18:07:14",SurviveDC
Emily,Voelker,metaphoricallyspeaking11@yahoo.com,,,,,,,,,,,0,,,"2013-05-25 18:08:01",SurviveDC
Alex,Boughton,ajboughton@optomline.net,,,,,,,,,,,0,,,"2013-05-25 18:08:13",SurviveDC
Allasha,Farmer,lasha_farmer@yahoo.com,,,,,,,,,,,0,,,"2013-05-25 18:08:15",SurviveDC
gabriel,mejia,gabrielmejia96@gmail.com,,,,,,,,,,,0,,,"2013-05-25 18:10:48",SurviveDC
Jennifer,Golinsky,jengolinsky@gmail.com,,,,,,,,,,,0,,,"2013-05-25 18:11:51",SurviveDC
Adam,Clancy,clancyadam@gmail.com,,,,,,,,,,,0,,,"2013-05-25 18:12:36",SurviveDC
Kristina,Kovch,k.kovch@gmail.com,,,,,,,,,,,0,,,"2013-05-25 18:14:24",SurviveDC
Daniel,ErkenBrack,donor444@gmail.com,,,,,,,,,,,0,,,"2013-05-25 18:20:12",SurviveDC
Dayton,Burchfield,dayton.burchfield@gmail.com,,,,,,,,,,,0,,,"2013-05-25 18:23:24",SurviveDC
Iliana,Jaime,iljaime@wis.edu,,,,,,,,,,,0,,,"2013-05-25 18:24:03",SurviveDC
Pat,Collier,patcollier4@gmail.com,,,,,,,,,,,0,,,"2013-05-25 18:26:25",SurviveDC
Jaya,Vallis,jayavallis@gmail.com,,,,,,,,,,,0,,,"2013-05-25 18:28:41",SurviveDC
James,Lin,jamesll@uci.edu,,,,,,,,,,,0,,,"2013-05-25 18:32:47",SurviveDC
Jeffrey,Byers,jeff_jeff172@yahoo.com,,,,,,,,,,,0,,,"2013-05-25 18:35:45",SurviveDC
Mirjam,Jasiak,mirjamjasiak@gmail.com,,,,,,,,,,,0,,,"2013-05-25 18:37:30",SurviveDC
Mike,Garey,mgarey92@yahoo.com,,,,,,,,,,,0,,,"2013-05-25 18:38:40",SurviveDC
Drew,McLindon,drew@mclindons.com,,,,,,,,,,,0,,,"2013-05-25 18:39:16",SurviveDC
Emily,Brinker,ebrinker@sgu.edu,,,,,,,,,,,0,,,"2013-05-25 18:39:23",SurviveDC
cardell,Torney,cardelltorney9@gmail.com,,,,,,,,,,,0,,,"2013-05-25 18:40:22",SurviveDC
Josiah,Spain,jopain90@yahoo.com,,,,,,,,,,,0,,,"2013-05-25 18:40:27",SurviveDC
jacqueline,Countiss,jalynne88@gmail.com,,,,,,,,,,,0,,,"2013-05-25 18:42:52",SurviveDC
Devin,Hazard,chazthehaz@yahoo.com,,,,,,,,,,,0,,,"2013-05-25 18:44:26",SurviveDC
Patrick,Nabonne,free_runner19@yahoo.com,,,,,,,,,,,0,,,"2013-05-25 18:50:04",SurviveDC
Carroll,Wongchote,cwongchot@radford.edu,,,,,,,,,,,0,,,"2013-05-25 18:51:21",SurviveDC
Lindsay,Elliott,lccelliott@gmail.com,,,,,,,,,,,0,,,"2013-05-25 18:52:09",SurviveDC
Saya,Abzhanova,saida.abzhanova@gmail.com,,,,,,,,,,,0,,,"2013-05-25 18:57:44",SurviveDC
Damilola,Laguda,damilola.laguda@gmail.com,,,,,,,,,,,0,,,"2013-05-25 19:08:57",SurviveDC
Maia,Miller,maia.miller@yahoo.com,,,,,,,,,,,0,,,"2013-05-25 19:13:08",SurviveDC
Louise,Morabito,pjtabit@me.com,,,,,,,,,,,0,,,"2013-05-25 19:16:56",SurviveDC
elilta,Ogbab,mscleopatra@live.com,,,,,,,,,,,0,,,"2013-05-25 20:12:39",SurviveDC
Tyrone,Baker,tbonebakerbones@yahoo.com,,,,,,,,,,,0,,,"2013-05-25 20:22:04",SurviveDC
Justin,Kerekes,kingkerekes@yahoo.com,,,,,,,,,,,0,,,"2013-05-25 20:33:05",SurviveDC
Manuela,Bayon,mbayon.25@gmail.com,,,,,,,,,,,0,,,"2013-05-25 23:53:42",SurviveDC
Jennifer,Tchinnosian,jennifertch@gmail.com,,,,,,,,,,,0,,,"2013-05-27 09:22:36",SurviveDC
Amir,Mansour,amo.alamir@gmail.com,,,,,,,,,,,0,,,"2013-05-28 16:24:36",SurviveDC
Aviv,Rubinstien,,,,,,,,,,,,0,,,"2013-08-30 16:04:54",SurviveDC
Anh,Ha,,,,,,,,,,,,0,,,"2013-08-30 16:04:54",SurviveDC
Dana,Rones,,,,,,,,,,,,0,,,"2013-09-01 22:35:53",SurviveDC
Carl,Fanfan,carlcef33@yahoo.com,,,,,,,,,,,0,,,"2013-09-01 22:35:53",SurviveDC
